demographicid,household,entryhouseholdid,demographiccode,relationhhh,individualage,individualgender,individualeducation,individualedlevel,individualenrolled,householdhead,individualunwell,individualdaysunwell,individuallostdays
60736,11166,84,1,0,49,1,SD,,0,1,1,3,0
60737,11166,84,2,1,43,2,TIDAK SEKOLAH,,0,0,1,3,3
60738,11166,84,3,2,29,1,SD,,0,0,0,998,998
60739,11166,84,4,2,26,2,SMA,,0,0,0,998,998
60740,11166,84,5,2,23,2,SMA,,0,0,1,10,10
60741,11166,84,6,2,20,1,SMA,,1,0,0,998,998
60742,11166,84,7,2,17,2,SMA,,0,0,0,998,998
60743,11167,96,1,0,18,1,SMP,,0,1,0,998,998
60744,11167,96,2,1,21,2,SMA,,0,0,0,998,998
60745,11167,96,3,2,1,2,998,,0,0,0,998,998
60746,11167,96,4,3,50,2,SD,,0,0,0,998,998
60747,11167,96,5,3,58,1,SD,,0,0,0,998,998
60748,11168,95,1,0,48,1,SD,,0,1,0,998,998
60749,11168,95,2,1,47,2,SMP,,0,0,0,998,998
60750,11168,95,3,2,18,1,SMP,,1,0,0,998,998
60751,11168,95,4,2,17,1,SD,,1,0,0,998,998
60752,11168,95,5,2,7,2,TK,,1,0,0,998,998
60753,11169,92,1,0,43,1,SMP,,0,1,0,998,998
60754,11169,92,2,1,37,2,SMP,,0,0,0,998,998
60755,11169,92,3,2,22,1,SMA,,1,0,0,998,998
60756,11169,92,4,2,18,2,SMP,,1,0,0,998,998
60757,11169,92,5,2,5,1,TK,,1,0,0,998,998
60758,11170,87,1,0,48,1,SD,,0,1,0,998,998
60759,11170,87,2,1,39,2,SD,,0,0,0,998,998
60760,11170,87,3,2,19,1,SMA,,0,0,0,998,998
60761,11170,87,4,2,17,2,SMA,,1,0,0,998,998
60762,11170,87,5,2,8,1,SD,,1,0,0,998,998
60763,11171,93,1,0,50,1,SMP,,0,1,1,20,20
60764,11171,93,2,1,46,2,SD,,0,0,1,25,20
60765,11171,93,3,2,20,1,SMP,,0,0,1,7,0
60766,11171,93,4,2,18,2,SMP,,0,0,0,998,998
60767,11171,93,5,2,16,2,SMP,,0,0,0,998,998
60768,11171,93,6,2,14,2,SD,,1,0,0,998,998
60769,11171,93,7,2,9,1,TK,,1,0,0,998,998
60770,11172,85,1,0,65,1,SD,,0,1,1,7,7
60771,11172,85,2,1,55,2,SD,,0,0,1,15,0
60772,11172,85,3,2,23,1,SMP,,0,0,0,998,998
60773,11173,86,1,0,61,2,TIDAK SEKOLAH,,0,1,1,15,0
60774,11174,81,1,0,23,1,SMA,,0,1,0,998,998
60775,11174,81,2,1,23,2,SMA,,0,0,0,998,998
60776,11174,81,3,2,3,2,TK,,1,0,0,998,998
60777,11175,90,1,0,72,1,998,,0,1,0,998,998
60778,11175,90,2,1,55,2,998,,0,0,0,998,998
60779,11175,90,3,2,23,1,SMA,,0,0,0,998,998
60780,11175,90,4,2,20,1,SMA,,0,0,0,998,998
60781,11176,79,1,0,35,1,SD,,0,1,0,998,998
60782,11176,79,2,1,34,2,SD,,0,0,0,998,998
60783,11176,79,3,2,14,2,SD,,1,0,0,998,998
60784,11176,79,4,2,12,1,SD,,0,0,0,998,998
60785,11176,79,5,2,6,2,SD,,1,0,0,998,998
60786,11176,79,6,2,3,1,TK,,1,0,0,998,998
60787,11177,89,1,0,90,1,998,,0,1,0,998,998
60788,11178,83,1,0,40,1,SD,,0,1,1,7,0
60789,11178,83,2,1,30,2,SMA,,1,0,0,998,998
60790,11178,83,3,2,8,2,TK,,1,0,0,998,998
60791,11179,88,1,0,61,1,SD,,0,1,0,998,998
60792,11179,88,2,1,55,2,SD,,0,0,0,998,998
60793,11179,88,3,2,30,1,TK,,0,0,0,998,998
60794,11180,82,1,0,50,1,SMA,,0,1,0,998,998
60795,11180,82,2,1,38,2,SMA,,0,0,0,998,998
60796,11180,82,3,2,19,2,SMA,,1,0,0,998,998
60797,11180,82,4,2,13,1,SD,,1,0,0,998,998
60798,11180,82,5,2,10,2,SD,,1,0,0,998,998
60799,11181,78,1,0,39,1,SD,,0,1,0,998,998
60800,11181,78,2,1,32,2,SMP,,0,0,0,998,998
60801,11181,78,3,2,13,2,SD,,1,0,0,998,998
60802,11181,78,4,2,11,1,TK,,1,0,0,998,998
60803,11181,78,5,2,4,1,TK,,1,0,0,998,998
60804,11181,78,6,2,1,1,BELUM SEKOLAH,,0,0,0,998,998
60805,11182,91,1,0,45,1,SD,,0,1,1,2,2
60806,11182,91,2,1,39,2,SMP,,0,0,0,998,998
60807,11182,91,3,2,19,2,SMP,,0,0,1,2,0
60808,11182,91,4,2,16,2,SMP,,1,0,0,998,998
60809,11182,91,5,2,8,2,TK,,0,0,0,998,998
60810,11182,91,6,2,7,2,TK,,1,0,0,998,998
60811,11182,91,7,2,4,1,998,,0,0,0,998,998
60812,11183,80,1,0,40,1,SD,,0,1,1,15,0
60813,11183,80,2,1,30,2,SD,,0,0,1,3,0
60814,11183,80,3,2,10,2,SD,,1,0,0,998,998
60815,11183,80,4,2,6,2,SD,,1,0,0,998,998
60816,11184,94,1,0,49,1,SD,,0,1,0,998,998
60817,11184,94,2,1,40,2,SD,,0,0,0,998,998
60818,11184,94,3,2,22,2,SMA,,1,0,0,998,998
60819,11184,94,4,2,18,2,SMP,,1,0,0,998,998
60820,11185,64,1,0,44,1,998,,0,1,1,2,2
60821,11185,64,2,1,42,2,SD,,0,0,0,998,998
60822,11185,64,3,2,22,2,SMA,,0,0,0,998,998
60823,11185,64,4,2,20,2,SMA,,0,0,0,998,998
60824,11185,64,5,2,18,2,SD,,0,0,0,998,998
60825,11185,64,6,2,13,2,SD,,1,0,0,998,998
60826,11186,73,1,0,32,2,SMP,,0,1,1,7,0
60827,11186,73,2,2,10,2,SD,,1,0,1,1,0
60828,11187,76,1,0,52,2,SD,,0,1,1,4,4
60829,11188,74,1,0,19,1,SMP,,0,1,0,998,998
60830,11188,74,2,2,14,1,SD,,0,0,0,998,998
60831,11188,74,3,2,12,1,SD,,1,0,0,998,998
60832,11188,74,4,5,47,1,SD,,0,0,1,2,0
60833,11188,74,5,5,37,2,SD,,0,0,0,998,998
60834,11189,61,1,0,82,1,998,,0,1,1,25,25
60835,11189,61,2,1,82,2,998,,0,0,1,25,25
60836,11190,75,1,0,60,1,998,,0,1,0,998,998
60837,11190,75,2,1,36,2,SD,,0,0,1,15,0
60838,11190,75,3,2,2,2,998,,0,0,0,998,998
60839,11191,71,1,0,49,1,SD,,0,1,0,998,998
60840,11191,71,2,1,40,2,SD,,0,0,0,998,998
60841,11191,71,3,2,22,1,SMA,,0,0,0,998,998
60842,11191,71,4,2,20,1,SMA,,1,0,0,998,998
60843,11191,71,5,2,11,2,SD,,1,0,0,998,998
60844,11192,62,1,0,28,2,SMP,,0,1,1,14,0
60845,11192,62,2,2,5,2,TK,,1,0,0,998,998
60846,11192,62,3,2,4,1,998,,1,0,0,998,998
60847,11193,72,1,0,29,1,SMA,,1,1,0,998,998
60848,11193,72,2,1,24,2,SMA,,0,0,0,998,998
60849,11193,72,3,2,5,1,998,,1,0,0,998,998
60850,11193,72,4,2,3,2,998,,0,0,0,998,998
60851,11193,72,5,2,0,2,998,,0,0,0,998,998
60852,11194,63,1,0,24,1,SMA,,0,1,0,998,998
60853,11194,63,2,1,24,2,SMA,,0,0,0,998,998
60854,11194,63,3,2,1,2,998,,0,0,0,998,998
60855,11195,69,1,0,55,1,SMP,,0,1,0,998,998
60856,11195,69,2,1,55,2,SD,,0,0,0,998,998
60857,11196,65,1,0,70,2,998,,0,1,0,998,998
60858,11197,70,1,0,34,2,SD,,0,1,0,998,998
60859,11197,70,2,1,27,2,SD,,0,0,0,998,998
60860,11197,70,3,2,10,2,TK,,1,0,0,998,998
60861,11197,70,4,2,8,1,TK,,1,0,0,998,998
60862,11198,77,1,0,27,1,SMA,,0,1,0,998,998
60863,11198,77,2,1,18,2,SMP,,0,0,0,998,998
60864,11198,77,3,2,1,1,998,,0,0,1,4,0
60865,11198,77,4,3,60,2,998,,0,0,0,998,998
60866,11199,60,1,0,50,2,998,,0,1,1,15,15
60867,11200,66,1,0,52,1,SMA,,0,1,0,998,998
60868,11200,66,2,1,44,2,SD,,0,0,1,7,0
60869,11200,66,3,2,24,1,SMA,,1,0,0,998,998
60870,11200,66,4,2,16,2,SMP,,1,0,0,998,998
60871,11201,67,1,0,29,2,SMP,,0,1,0,998,998
60872,11201,67,2,1,29,2,SMA,,0,0,0,998,998
60873,11202,68,1,0,78,2,998,,0,1,1,7,7
60874,11202,68,2,2,27,2,998,,0,0,1,25,25
60875,11203,102,1,0,45,1,SD,,0,1,0,998,998
60876,11203,102,2,1,39,2,SMA,,0,0,0,998,998
60877,11203,102,3,2,17,2,SMP,,1,0,0,998,998
60878,11203,102,4,2,12,1,SD,,1,0,0,998,998
60879,11204,100,1,0,70,1,SD,,0,1,1,3,0
60880,11204,100,2,1,65,2,998,,0,0,1,3,0
60881,11204,100,3,2,26,1,S1,,0,0,0,998,998
60882,11205,105,1,0,60,1,SD,,0,1,1,7,7
60883,11205,105,2,2,20,2,SMA,,0,0,0,998,998
60884,11205,105,3,2,17,1,SMA,,0,0,1,3,0
60885,11206,107,1,0,53,1,SMP,,0,1,0,998,998
60886,11206,107,2,1,49,2,SMP,,0,0,0,998,998
60887,11206,107,3,2,19,1,SMA,,1,0,0,998,998
60888,11206,107,4,2,15,1,SMP,,1,0,0,998,998
60889,11206,107,5,2,10,1,TK,,1,0,0,998,998
60890,11207,98,1,0,40,1,SMA,,0,1,0,998,998
60891,11207,98,2,1,40,2,SMA,,0,0,0,998,998
60892,11207,98,3,2,21,2,SMA,,0,0,0,998,998
60893,11207,98,4,2,20,2,SMA,,1,0,0,998,998
60894,11207,98,5,2,12,1,SD,,1,0,0,998,998
60895,11208,97,1,0,66,1,SD,,0,1,1,3,0
60896,11208,97,2,1,62,2,SD,,0,0,1,7,0
60897,11208,97,3,2,27,2,S1,,0,0,0,998,998
60898,11208,97,4,2,25,1,SD,,0,0,0,998,998
60899,11208,97,5,2,17,2,SMA,,1,0,0,998,998
60900,11209,108,1,0,28,1,SMP,,0,1,0,998,998
60901,11209,108,2,1,27,2,SD,,0,0,0,998,998
60902,11209,108,3,2,0,1,BELUM SEKOLAH,,0,0,0,998,998
60903,11210,101,1,0,39,1,SMA,,0,1,0,998,998
60904,11210,101,2,1,34,2,SMA,,0,0,0,998,998
60905,11210,101,3,10,3,1,TK,,1,0,1,3,3
60906,11210,101,4,10,1,1,BELUM SEKOLAH,,0,0,1,1,1
60907,11210,101,5,2,13,2,SMP,,0,0,0,998,998
60908,11210,101,6,3,53,2,SMP,,0,0,0,998,998
60909,11210,101,7,3,53,1,SMP,,0,0,0,998,998
60910,11210,101,8,8,29,1,SMP,,0,0,0,998,998
60911,11210,101,9,8,29,2,SMA,,0,0,0,998,998
60912,11211,99,1,0,85,2,998,,0,1,1,25,25
60913,11211,99,2,2,62,2,SD,,0,0,1,25,25
60914,11212,104,1,0,52,1,SMA,,0,1,0,998,998
60915,11212,104,2,1,40,2,SMA,,0,0,1,15,0
60916,11212,104,3,2,18,2,SMA,,1,0,0,998,998
60917,11212,104,4,2,14,2,SD,,1,0,0,998,998
60918,11212,104,5,2,13,1,TK,,1,0,0,998,998
60919,11213,103,1,0,70,1,998,,0,1,1,21,21
60920,11213,103,2,1,60,2,SD,,0,0,0,998,998
60921,11213,103,3,2,28,2,S1,,0,0,0,998,998
60922,11214,106,1,0,61,1,SD,,0,1,1,7,0
60923,11214,106,2,2,33,1,SD,,0,0,1,3,3
60924,11215,180,1,0,48,1,SMP,,0,1,0,998,998
60925,11215,180,2,1,50,2,SMP,,0,0,0,998,998
60926,11215,180,3,2,24,2,SMA,,1,0,0,998,998
60927,11215,180,4,2,21,1,SMA,,0,0,0,998,998
60928,11216,189,1,0,65,2,SD,,0,1,0,998,998
60929,11216,189,2,2,40,2,SMA,,0,0,0,998,998
60930,11216,189,3,2,25,1,S1,,0,0,0,998,998
60931,11216,189,4,2,18,2,SMA,,0,0,0,998,998
60932,11216,189,5,2,14,1,SD,,1,0,0,998,998
60933,11217,175,1,0,51,1,SMP,,0,1,0,998,998
60934,11217,175,2,1,40,2,SD,,0,0,0,998,998
60935,11217,175,3,2,14,2,SD,,1,0,0,998,998
60936,11217,175,4,2,8,1,TK,,1,0,0,998,998
60937,11218,182,1,0,40,1,SMP,,0,1,0,998,998
60938,11218,182,2,1,37,2,SMA,,0,0,0,998,998
60939,11218,182,3,2,20,1,SMA,,0,0,0,998,998
60940,11218,182,4,2,19,1,SMA,,0,0,0,998,998
60941,11218,182,5,2,12,1,SD,,1,0,0,998,998
60942,11218,182,6,2,1,2,BELUM SEKOLAH,,0,0,0,998,998
60943,11219,190,1,0,29,1,SD,,0,1,0,998,998
60944,11219,190,2,1,28,2,SMP,,0,0,0,998,998
60945,11219,190,3,2,10,1,TK,,1,0,0,998,998
60946,11219,190,4,2,4,1,998,,0,0,0,998,998
60947,11220,191,1,0,50,1,SD,,0,1,0,998,998
60948,11220,191,2,1,40,2,SD,,0,0,0,998,998
60949,11220,191,3,2,16,1,SMP,,1,0,0,998,998
60950,11221,179,1,0,36,1,SMA,,0,1,0,998,998
60951,11221,179,2,1,31,2,S1,,0,0,0,998,998
60952,11221,179,3,2,7,2,SD,,1,0,0,998,998
60953,11221,179,4,2,4,2,TK,,1,0,0,998,998
60954,11221,179,5,2,3,1,TK,,1,0,0,998,998
60955,11222,181,1,0,35,1,SMP,,0,1,0,998,998
60956,11222,181,2,1,31,2,SMA,,0,0,0,998,998
60957,11222,181,3,2,10,1,TK,,1,0,0,998,998
60958,11222,181,4,2,9,2,TK,,1,0,0,998,998
60959,11223,178,1,0,46,1,SMA,,0,1,1,3,0
60960,11223,178,2,1,36,2,SMA,,0,0,0,998,998
60961,11223,178,3,2,15,2,SD,,1,0,0,998,998
60962,11223,178,4,2,13,2,SD,,1,0,0,998,998
60963,11224,176,1,0,40,1,SD,,0,1,0,998,998
60964,11224,176,2,1,35,2,SD,,0,0,0,998,998
60965,11224,176,3,2,9,2,TK,,1,0,0,998,998
60966,11224,176,4,2,5,1,TK,,1,0,0,998,998
60967,11224,176,5,2,3,2,BELUM SEKOLAH,,0,0,0,998,998
60968,11224,176,6,3,80,1,TIDAK SEKOLAH,,0,0,0,998,998
60969,11224,176,7,3,70,2,TIDAK SEKOLAH,,0,0,0,998,998
60970,11225,172,1,0,30,1,SMA,,0,1,1,15,0
60971,11225,172,2,1,23,2,SMP,,0,0,1,10,0
60972,11225,172,3,2,4,2,TK,,1,0,1,3,3
60973,11226,187,1,0,50,1,998,,0,1,0,998,998
60974,11226,187,2,1,37,2,998,,0,0,0,998,998
60975,11226,187,3,2,22,1,SMA,,0,0,0,998,998
60976,11226,187,4,2,17,1,SMP,,0,0,0,998,998
60977,11226,187,5,2,9,1,TK,,1,0,0,998,998
60978,11226,187,6,2,5,2,TK,,1,0,0,998,998
60979,11226,187,7,2,0,1,998,,0,0,0,998,998
60980,11227,183,1,0,30,1,998,,0,1,0,998,998
60981,11227,183,2,1,28,2,998,,0,0,0,998,998
60982,11227,183,3,2,11,1,SD,,1,0,0,998,998
60983,11227,183,4,2,10,2,SD,,1,0,0,998,998
60984,11227,183,5,2,3,1,998,,0,0,0,998,998
60985,11228,184,1,0,40,1,998,,0,1,0,998,998
60986,11228,184,2,1,38,2,998,,0,0,0,998,998
60987,11228,184,3,2,15,1,SD,,1,0,0,998,998
60988,11228,184,4,2,14,2,SD,,1,0,0,998,998
60989,11229,186,1,0,29,1,SMA,,0,1,0,998,998
60990,11229,186,2,1,27,2,SMA,,0,0,0,998,998
60991,11229,186,3,2,7,1,TK,,1,0,0,998,998
60992,11230,188,1,0,36,1,998,,0,1,1,3,0
60993,11230,188,2,1,28,2,SD,,0,0,0,998,998
60994,11230,188,3,2,13,2,SD,,1,0,0,998,998
60995,11230,188,4,2,12,1,TK,,1,0,0,998,998
60996,11230,188,5,2,10,2,TK,,1,0,0,998,998
60997,11231,185,1,0,60,2,998,,0,1,0,998,998
60998,11232,174,1,0,45,1,SD,,0,1,0,998,998
60999,11232,174,2,1,40,2,SD,,0,0,0,998,998
61000,11232,174,3,2,21,1,SMA,,0,0,0,998,998
61001,11232,174,4,2,16,2,SMP,,1,0,0,998,998
61002,11233,177,1,0,31,1,SMA,,0,1,0,998,998
61003,11233,177,2,1,27,2,SMA,,0,0,0,998,998
61004,11233,177,3,2,8,2,SD,,1,0,0,998,998
61005,11233,177,4,2,7,2,SD,,1,0,0,998,998
61006,11233,177,5,2,5,1,TK,,1,0,0,998,998
61007,11234,151,1,0,72,1,SD,,1,1,0,998,998
61008,11234,151,2,1,72,2,998,,0,0,0,998,998
61009,11235,158,1,0,45,2,998,,0,1,1,25,25
61010,11236,152,1,0,31,1,SD,,0,1,0,998,998
61011,11236,152,2,1,30,2,SMA,,0,0,0,998,998
61012,11236,152,3,2,8,2,TK,,1,0,0,998,998
61013,11237,160,1,0,51,1,SMA,,0,1,0,998,998
61014,11237,160,2,1,51,2,S1,,0,0,0,998,998
61015,11237,160,3,2,25,2,D3,,0,0,0,998,998
61016,11237,160,4,2,19,2,SMA,,1,0,0,998,998
61017,11238,159,1,0,50,1,SD,,0,1,0,998,998
61018,11238,159,2,1,49,2,SMP,,0,0,0,998,998
61019,11238,159,3,2,26,2,S1,,0,0,0,998,998
61020,11238,159,4,2,25,1,SMA,,1,0,0,998,998
61021,11238,159,5,2,17,1,SMP,,1,0,0,998,998
61022,11238,159,6,2,13,1,SD,,1,0,0,998,998
61023,11239,157,1,0,63,1,SMEP SETARA DENGAN SMP,,0,1,0,998,998
61024,11239,157,2,1,61,2,SD,,0,0,0,998,998
61025,11239,157,3,2,25,1,S1,,0,0,0,998,998
61026,11239,157,4,2,13,2,SD,,1,0,0,998,998
61027,11240,153,1,0,24,1,998,,0,1,1,7,3
61028,11240,153,2,1,24,2,SMP,,0,0,0,998,998
61029,11240,153,3,2,5,2,998,,0,0,1,3,3
61030,11241,164,1,0,21,1,SMA,,0,1,0,998,998
61031,11241,164,2,1,21,2,SMA,,0,0,0,998,998
61032,11241,164,3,2,3,1,998,,0,0,1,1,0
61033,11242,161,1,0,53,1,998,,0,1,1,25,0
61034,11242,161,2,1,50,2,998,,0,0,1,20,15
61035,11242,161,3,2,18,1,998,,0,0,0,998,998
61036,11243,156,1,0,40,1,998,,0,1,1,5,5
61037,11243,156,2,1,39,2,998,,0,0,1,1,1
61038,11243,156,3,2,18,1,SMA,,0,0,0,998,998
61039,11243,156,4,2,14,1,SD,,1,0,0,998,998
61040,11243,156,5,2,4,1,998,,0,0,1,1,0
61041,11244,155,1,0,48,1,998,,0,1,0,998,998
61042,11244,155,2,2,16,1,SMP,,1,0,1,3,3
61043,11244,155,3,2,7,2,TK,,1,0,0,998,998
61044,11245,154,1,0,29,1,998,,0,1,0,998,998
61045,11245,154,2,1,28,2,SD,,0,0,0,998,998
61046,11245,154,3,2,4,2,998,,0,0,0,998,998
61047,11245,154,4,2,2,2,998,,0,0,0,998,998
61048,11245,154,5,2,1,1,998,,0,0,0,998,998
61049,11246,198,1,0,30,1,SD,,0,1,1,7,7
61050,11246,198,2,1,28,2,D1,,0,0,1,4,0
61051,11246,198,3,2,9,2,SD,,1,0,1,1,1
61052,11246,198,4,2,5,2,998,,0,0,0,998,998
61053,11246,198,5,2,3,1,998,,0,0,0,998,998
61054,11246,198,6,2,2,1,998,,0,0,0,998,998
61055,11247,162,1,0,48,1,998,,0,1,0,998,998
61056,11247,162,2,1,46,2,998,,0,0,0,998,998
61057,11247,162,3,2,27,1,998,,0,0,0,998,998
61058,11247,162,4,2,19,2,SMA,,1,0,0,998,998
61059,11247,162,5,2,18,2,SMP,,1,0,0,998,998
61060,11247,162,6,2,18,2,SMP,,1,0,0,998,998
61061,11248,163,1,0,25,1,998,,0,1,1,7,7
61062,11248,163,2,1,25,2,998,,0,0,1,7,7
61063,11249,171,1,0,36,1,SD,,0,1,0,998,998
61064,11249,171,2,1,31,2,SMA,,0,0,0,998,998
61065,11249,171,3,2,9,2,TK,,1,0,0,998,998
61066,11249,171,4,2,2,2,998,,0,0,0,998,998
61067,11250,197,1,0,40,1,SD,,1,1,1,1,0
61068,11250,197,2,1,35,2,998,,0,0,0,998,998
61069,11250,197,3,13,0,2,998,,0,0,998,998,998
61070,11250,197,4,2,25,2,SMA,,0,0,1,3,0
61071,11250,197,5,4,1,2,998,,0,0,1,2,0
61072,11250,197,6,6,30,1,S1,,0,0,0,998,998
61073,11251,195,1,0,36,1,SMA,,0,1,0,998,998
61074,11251,195,2,1,34,2,SMA,,0,0,1,4,0
61075,11251,195,3,13,0,2,998,,0,0,998,998,998
61076,11251,195,4,2,12,2,SD,,0,0,1,7,3
61077,11252,167,1,0,55,1,998,,0,1,0,998,998
61078,11252,167,2,1,50,2,998,,0,0,0,998,998
61079,11253,165,1,0,56,1,SD,,0,1,1,2,2
61080,11253,165,2,1,56,2,998,,0,0,0,998,998
61081,11253,165,3,2,24,1,SD,,0,0,0,998,998
61082,11254,166,1,0,62,1,SD,,0,1,0,998,998
61083,11254,166,2,1,56,2,998,,0,0,0,998,998
61084,11254,166,3,2,26,1,SMP,,0,0,0,998,998
61085,11255,170,1,0,45,1,SMA,,0,1,0,998,998
61086,11255,170,2,1,45,2,SMA,,0,0,0,998,998
61087,11256,168,1,0,53,1,SD,,0,1,1,7,0
61088,11256,168,2,1,49,2,SD,,0,0,1,4,2
61089,11256,168,3,2,24,1,SMP,,0,0,0,998,998
61090,11256,168,4,2,12,1,SD,,1,0,0,998,998
61091,11257,169,1,0,34,1,SMP,,0,1,0,998,998
61092,11257,169,2,1,42,2,SD,,0,0,0,998,998
61093,11257,169,3,2,18,2,SMP,,1,0,0,998,998
61094,11257,169,4,2,14,2,SD,,1,0,0,998,998
61095,11258,193,1,0,52,1,SD,,0,1,1,3,0
61096,11258,193,2,1,44,2,SMP,,0,0,0,998,998
61097,11258,193,3,2,14,1,SMP,,1,0,0,998,998
61098,11258,193,4,2,11,2,SD,,1,0,0,998,998
61099,11259,196,1,0,83,2,998,,0,1,1,1,1
61100,11260,192,1,0,50,2,SD,,0,1,0,998,998
61101,11261,194,1,0,70,2,998,,0,1,1,2,2
61102,11262,142,1,0,47,1,SD,,0,1,1,1,0
61103,11262,142,2,1,43,2,SMP,,0,0,0,998,998
61104,11262,142,3,2,21,2,SMA,,1,0,0,998,998
61105,11262,142,4,2,14,2,SD,,1,0,0,998,998
61106,11262,142,5,2,2,2,998,,0,0,0,998,998
61107,11263,143,1,0,65,1,SMP,,0,1,0,998,998
61108,11263,143,2,1,50,2,SMP,,0,0,1,3,3
61109,11263,143,3,2,18,2,SMA,,1,0,0,998,998
61110,11263,143,4,2,17,2,SMP,,1,0,0,998,998
61111,11264,150,1,0,56,1,SD,,0,1,1,3,0
61112,11264,150,2,1,46,2,SD,,0,0,1,2,0
61113,11264,150,3,2,22,2,SMA,,0,0,0,998,998
61114,11264,150,4,2,28,1,SD,,0,0,0,998,998
61115,11265,147,1,0,57,1,SMP,,0,1,0,998,998
61116,11265,147,2,1,47,2,SD,,0,0,1,7,0
61117,11265,147,3,2,17,1,SMP,,0,0,0,998,998
61118,11265,147,4,2,10,1,SD,,0,0,0,998,998
61119,11266,140,1,0,38,1,SMA,,0,1,0,998,998
61120,11266,140,2,1,32,2,SMA,,0,0,0,998,998
61121,11266,140,3,2,13,2,SD,,1,0,0,998,998
61122,11266,140,4,3,55,2,SD,,0,0,0,998,998
61123,11267,145,1,0,56,2,SD,,0,1,1,3,0
61124,11267,145,2,5,90,2,TIDAK SEKOLAH,,0,0,1,3,0
61125,11268,144,1,0,62,2,TIDAK SEKOLAH,,0,1,0,998,998
61126,11269,139,1,0,37,1,S1,,0,1,1,7,0
61127,11269,139,2,1,32,2,SMP,,0,0,0,998,998
61128,11269,139,3,2,13,1,SD,,1,0,1,7,0
61129,11269,139,4,2,9,1,TK,,1,0,0,998,998
61130,11269,139,5,2,1,1,BELUM SEKOLAH,,0,0,0,998,998
61131,11270,141,1,0,47,2,SMA,,0,1,0,998,998
61132,11270,141,2,2,23,1,SMA,,0,0,0,998,998
61133,11270,141,3,2,17,1,SMP,,1,0,0,998,998
61134,11271,146,1,0,59,1,SMA,,0,1,0,998,998
61135,11271,146,2,1,50,2,SD,,0,0,0,998,998
61136,11271,146,3,2,19,1,SMA,,0,0,1,2,2
61137,11272,148,1,0,50,1,SMP,,0,1,0,998,998
61138,11272,148,2,1,45,2,SMA,,0,0,1,14,0
61139,11272,148,3,2,24,2,S1,,0,0,0,998,998
61140,11272,148,4,2,6,2,SD,,0,0,0,998,998
61141,11273,149,1,0,42,1,SD,,0,1,1,2,0
61142,11273,149,2,1,42,2,SMA,,0,0,0,998,998
61143,11273,149,3,2,20,2,SMA,,0,0,0,998,998
61144,11273,149,4,2,16,2,SMP,,0,0,0,998,998
61145,11273,149,5,2,14,2,SD,,0,0,0,998,998
61146,11273,149,6,2,13,1,TK,,0,0,0,998,998
61147,11274,138,1,0,51,1,SD,,0,1,0,998,998
61148,11274,138,2,1,48,2,SMP,,0,0,0,998,998
61149,11274,138,3,2,10,1,TK,,1,0,0,998,998
61150,11275,204,1,0,62,1,998,,0,1,0,998,998
61151,11275,204,2,1,60,2,998,,0,0,0,998,998
61152,11276,203,1,0,48,1,998,,0,1,0,998,998
61153,11276,203,2,1,42,2,SMP,,0,0,0,998,998
61154,11276,203,3,2,23,1,S1,,1,0,0,998,998
61155,11276,203,4,2,19,2,SMA,,1,0,0,998,998
61156,11277,213,1,0,55,1,SD,,0,1,0,998,998
61157,11277,213,2,1,50,2,SD,,0,0,0,998,998
61158,11278,214,1,0,30,1,PELAYAN DI WAKATOBI DIVE RESORT,,0,1,0,998,998
61159,11278,214,2,1,28,2,SMP,,0,0,0,998,998
61160,11278,214,3,2,5,1,TK,,0,0,0,998,998
61161,11278,214,4,5,82,1,998,,0,0,0,998,998
61162,11279,212,1,0,35,1,SD,,0,1,0,998,998
61163,11279,212,2,1,32,2,SD,,0,0,0,998,998
61164,11279,212,3,2,6,1,998,,1,0,0,998,998
61165,11279,212,4,2,4,1,998,,1,0,0,998,998
61166,11280,215,1,0,63,1,998,,0,1,0,998,998
61167,11280,215,2,1,60,2,998,,0,0,1,20,20
61168,11280,215,3,2,20,1,S1,,1,0,0,998,998
61169,11281,206,1,0,41,1,SMA,,0,1,0,998,998
61170,11281,206,2,1,38,2,SMP,,0,0,0,998,998
61171,11281,206,3,13,0,2,998,,0,0,0,998,998
61172,11281,206,4,2,17,2,SMP,,1,0,0,998,998
61173,11281,206,5,2,13,2,SD,,1,0,0,998,998
61174,11281,206,6,2,5,2,998,,1,0,0,998,998
61175,11282,200,1,0,65,2,998,,0,1,1,25,25
61176,11282,200,2,13,0,1,998,,0,0,0,998,998
61177,11282,200,3,2,28,1,SD,,0,0,0,998,998
61178,11283,205,1,0,55,1,998,,0,1,1,3,3
61179,11283,205,2,1,48,2,998,,0,0,0,998,998
61180,11284,209,1,0,37,1,SD,,0,1,0,998,998
61181,11284,209,2,1,32,2,SMP,,0,0,0,998,998
61182,11284,209,3,2,13,2,SD,,0,0,0,998,998
61183,11284,209,4,2,10,1,TK,,1,0,0,998,998
61184,11284,209,5,2,1,2,998,,0,0,1,3,0
61185,11285,201,1,0,39,1,SD,,0,1,0,998,998
61186,11285,201,2,1,38,2,SD,,0,0,0,998,998
61187,11285,201,3,2,15,2,SMP,,1,0,0,998,998
61188,11285,201,4,2,11,1,TK,,1,0,0,998,998
61189,11285,201,5,2,5,1,998,,1,0,0,998,998
61190,11286,210,1,0,37,1,998,,0,1,1,1,1
61191,11286,210,2,1,24,2,SMA,,0,0,0,998,998
61192,11286,210,3,2,9,2,TK,,0,0,0,998,998
61193,11286,210,4,2,8,1,TK,,0,0,0,998,998
61194,11286,210,5,2,3,1,998,,0,0,0,998,998
61195,11287,211,1,0,60,1,998,,0,1,1,10,2
61196,11287,211,2,1,50,2,998,,0,0,0,998,998
61197,11287,211,3,2,24,1,S1,,1,0,0,998,998
61198,11287,211,4,2,22,1,998,,0,0,0,998,998
61199,11287,211,5,2,11,1,TK,,0,0,0,998,998
61200,11288,216,1,0,54,1,998,,0,1,0,998,998
61201,11288,216,2,1,40,2,998,,0,0,0,998,998
61202,11288,216,3,1,25,2,S1,,0,0,0,998,998
61203,11288,216,4,2,27,1,S1,,0,0,0,998,998
61204,11288,216,5,4,2,1,998,,0,0,0,998,998
61205,11288,216,6,4,1,1,998,,0,0,0,998,998
61206,11289,207,1,0,40,1,SMP,,0,1,0,998,998
61207,11289,207,2,1,40,2,SMP,,0,0,0,998,998
61208,11289,207,3,13,0,1,998,,0,0,0,998,998
61209,11289,207,4,2,19,2,SMA,,1,0,0,998,998
61210,11289,207,5,2,16,2,SD,,1,0,0,998,998
61211,11289,207,6,2,14,2,SD,,1,0,0,998,998
61212,11289,207,7,2,5,2,998,,1,0,0,998,998
61213,11289,207,8,2,3,1,998,,1,0,0,998,998
61214,11290,208,1,0,36,1,998,,0,1,0,998,998
61215,11290,208,2,1,35,2,SMP,,0,0,0,998,998
61216,11290,208,3,2,13,2,SD,,1,0,0,998,998
61217,11290,208,4,2,8,1,TK,,1,0,0,998,998
61218,11291,199,1,0,41,1,SD,,0,1,1,25,0
61219,11291,199,2,1,39,2,SMP,,0,0,0,998,998
61220,11291,199,3,2,18,2,SMA,,1,0,0,998,998
61221,11291,199,4,2,11,2,SD,,1,0,0,998,998
61222,11292,202,1,0,45,1,SMP,,0,1,0,998,998
61223,11292,202,2,1,29,2,SD,,0,0,0,998,998
61224,11292,202,3,2,13,2,SD,,1,0,0,998,998
61225,11292,202,4,2,5,2,998,,1,0,0,998,998
61226,11293,277,1,0,54,1,SD,,0,1,0,998,998
61227,11293,277,2,1,50,2,SD,,0,0,0,998,998
61228,11293,277,3,2,19,1,SMP,,1,0,0,998,998
61229,11293,277,4,2,16,1,SMP,,1,0,0,998,998
61230,11294,278,1,0,74,1,998,,0,1,1,7,7
61231,11294,278,2,1,65,2,998,,0,0,1,7,7
61232,11294,278,3,2,22,2,SMA,,0,0,0,998,998
61233,11294,278,4,4,2,2,998,,0,0,0,998,998
61234,11295,295,1,0,70,1,998,,0,1,1,2,2
61235,11295,295,2,13,0,1,TIDAK ADA,,0,0,0,998,998
61236,11295,295,3,2,28,1,S1,,0,0,0,998,998
61237,11295,295,4,2,23,1,SMA,,1,0,0,998,998
61238,11295,295,5,2,20,1,SMA,,0,0,0,998,998
61239,11296,291,1,0,58,1,SD,,0,1,1,15,0
61240,11296,291,2,1,56,2,SD,,0,0,0,998,998
61241,11296,291,3,2,20,2,SMA,,0,0,0,998,998
61242,11296,291,4,2,16,2,SMP,,0,0,0,998,998
61243,11297,281,1,0,41,1,SD,,0,1,0,998,998
61244,11297,281,2,1,39,2,SMA,,0,0,0,998,998
61245,11297,281,3,2,17,1,SMA,,0,0,0,998,998
61246,11297,281,4,2,16,2,SMP,,1,0,0,998,998
61247,11297,281,5,2,16,2,SMP,,1,0,0,998,998
61248,11297,281,6,2,8,1,TK,,1,0,0,998,998
61249,11298,293,1,0,55,1,TIDAK SEKOLAH,,0,1,1,15,15
61250,11298,293,2,1,48,2,SD,,0,0,0,998,998
61251,11298,293,3,2,27,2,SMA,,0,0,0,998,998
61252,11298,293,4,2,24,2,SMA,,0,0,0,998,998
61253,11298,293,5,2,20,2,SMP,,0,0,0,998,998
61254,11298,293,6,2,19,2,SMP,,0,0,0,998,998
61255,11298,293,7,2,16,1,SMP,,1,0,0,998,998
61256,11298,293,8,2,9,1,TK,,1,0,0,998,998
61257,11298,293,9,2,7,1,TK,,1,0,0,998,998
61258,11298,293,10,4,4,2,BELUM SEKOLAH,,0,0,0,998,998
61259,11298,293,11,4,2,2,BELUM SEKOLAH,,0,0,0,998,998
61260,11298,293,12,4,0,2,BELUM SEKOLAH,,0,0,0,998,998
61261,11298,293,13,6,29,1,SMA,,0,0,0,998,998
61262,11298,293,14,6,28,1,SMA,,0,0,0,998,998
61263,11298,293,15,6,29,1,SMA,,0,0,0,998,998
61264,11298,293,16,6,23,1,SD,,0,0,0,998,998
61265,11299,290,1,0,50,1,SD,,0,1,0,998,998
61266,11299,290,2,1,45,2,SD,,0,0,0,998,998
61267,11299,290,3,2,13,1,SD,,1,0,0,998,998
61268,11299,290,4,2,20,1,SMA,,0,0,0,998,998
61269,11300,279,1,0,34,1,SMA,,0,1,0,998,998
61270,11300,279,2,1,34,2,SMP,,0,0,0,998,998
61271,11300,279,3,2,10,1,TK,,1,0,0,998,998
61272,11300,279,4,2,6,2,TK,,1,0,0,998,998
61273,11301,289,1,0,60,2,TIDAK SEKOLAH,,0,1,1,1,0
61274,11301,289,2,2,25,2,SMA,,0,0,1,20,0
61275,11301,289,3,4,1,1,BELUM SEKOLAH,,0,0,1,7,0
61276,11301,289,4,6,30,1,SMP,,0,0,0,998,998
61277,11302,288,1,0,53,1,TIDAK ADA,,0,1,0,998,998
61278,11302,288,2,1,54,2,SD,,0,0,1,1,0
61279,11302,288,3,2,25,2,S1,,0,0,0,998,998
61280,11303,276,1,0,58,2,998,,0,1,0,998,998
61281,11303,276,2,2,36,2,998,,0,0,0,998,998
61282,11304,280,1,0,32,1,SD,,0,1,0,998,998
61283,11304,280,2,1,25,2,SMP,,0,0,0,998,998
61284,11304,280,3,2,7,2,TK,,1,0,0,998,998
61285,11304,280,4,2,1,1,998,,0,0,0,998,998
61286,11305,296,1,0,27,1,SMA,,0,1,0,998,998
61287,11305,296,2,1,27,2,SMA,,0,0,0,998,998
61288,11305,296,3,2,4,1,TK,,1,0,0,998,998
61289,11305,296,4,2,0,1,BELUM SEKOLAH,,0,0,0,998,998
61290,11306,282,1,0,69,2,998,,0,1,0,998,998
61291,11306,282,2,2,36,1,SD,,0,0,0,998,998
61292,11306,282,3,2,32,2,SMA,,0,0,0,998,998
61293,11306,282,4,6,37,2,SD,,0,0,0,998,998
61294,11306,282,5,6,33,1,SMP,,0,0,0,998,998
61295,11307,299,1,0,45,1,SD,,0,1,0,998,998
61296,11307,299,2,1,38,2,SD,,0,0,0,998,998
61297,11307,299,3,2,19,2,D1,,0,0,0,998,998
61298,11307,299,4,2,18,2,SMP,,0,0,0,998,998
61299,11307,299,5,2,15,1,SD,,0,0,0,998,998
61300,11307,299,6,2,10,2,TK,,0,0,0,998,998
61301,11308,297,1,0,45,1,SMP,,0,1,0,998,998
61302,11308,297,2,1,49,2,SD,,0,0,0,998,998
61303,11308,297,3,2,24,2,SMA,,0,0,0,998,998
61304,11308,297,4,2,20,1,SMP,,0,0,0,998,998
61305,11308,297,5,2,17,1,SD,,0,0,0,998,998
61306,11309,298,1,0,35,1,SMA,,0,1,0,998,998
61307,11309,298,2,1,34,2,SD,,0,0,0,998,998
61308,11309,298,3,2,9,1,TK,,1,0,0,998,998
61309,11309,298,4,2,3,2,BELUM SEKOLAH,,0,0,0,998,998
61310,11310,294,1,0,40,1,SD,,0,1,0,998,998
61311,11310,294,2,1,37,2,SD,,0,0,0,998,998
61312,11310,294,3,2,10,2,TK,,1,0,0,998,998
61313,11311,285,1,0,45,1,SD,,0,1,0,998,998
61314,11311,285,2,1,40,2,SD,,0,0,1,15,0
61315,11311,285,3,2,25,1,S1,,0,0,1,10,0
61316,11311,285,4,2,19,2,SMA,,0,0,0,998,998
61317,11311,285,5,2,8,1,TK,,0,0,0,998,998
61318,11312,292,1,0,45,1,SD,,0,1,0,998,998
61319,11312,292,2,1,38,2,SD,,0,0,0,998,998
61320,11312,292,3,2,20,2,SMA,,0,0,0,998,998
61321,11312,292,4,2,19,1,SMA,,0,0,0,998,998
61322,11312,292,5,2,17,1,SMP,,0,0,0,998,998
61323,11312,292,6,2,15,2,SMP,,1,0,0,998,998
61324,11312,292,7,2,7,1,TK,,1,0,0,998,998
61325,11313,287,1,0,80,2,SD,,0,1,0,998,998
61326,11313,287,2,2,25,2,SD,,0,0,0,998,998
61327,11313,287,3,2,22,1,SD,,0,0,0,998,998
61328,11314,268,1,0,49,1,SMP,,0,1,0,998,998
61329,11314,268,2,1,39,2,SMP,,0,0,0,998,998
61330,11314,268,3,2,22,1,SMA,,1,0,0,998,998
61331,11314,268,4,2,19,2,SMA,,1,0,0,998,998
61332,11314,268,5,2,17,1,SMP,,1,0,0,998,998
61333,11314,268,6,2,15,1,SMP,,1,0,0,998,998
61334,11315,272,1,0,48,1,S1,,0,1,0,998,998
61335,11315,272,2,2,17,1,SMP,,1,0,0,998,998
61336,11315,272,3,2,14,2,SD,,1,0,0,998,998
61337,11315,272,4,2,12,1,SD,,1,0,0,998,998
61338,11316,274,1,0,50,1,SD,,0,1,0,998,998
61339,11316,274,2,1,45,2,SMP,,0,0,0,998,998
61340,11316,274,3,2,23,2,SMA,,0,0,0,998,998
61341,11316,274,4,2,21,2,998,,0,0,0,998,998
61342,11316,274,5,2,17,2,SMP,,1,0,0,998,998
61343,11317,270,1,0,70,1,998,,0,1,0,998,998
61344,11317,270,2,1,67,2,998,,0,0,0,998,998
61345,11318,286,1,0,35,1,SMP,,0,1,1,3,0
61346,11318,286,2,1,30,2,SD,,0,0,0,998,998
61347,11318,286,3,2,10,1,TK,,0,0,0,998,998
61348,11318,286,4,2,3,1,BELUM SEKOLAH,,0,0,0,998,998
61349,11319,269,1,0,70,2,998,,0,1,0,998,998
61350,11320,273,1,0,43,1,SD,,0,1,0,998,998
61351,11320,273,2,1,37,2,SD,,0,0,0,998,998
61352,11320,273,3,2,17,2,SMP,,1,0,0,998,998
61353,11320,273,4,2,13,2,SD,,1,0,0,998,998
61354,11320,273,5,2,9,2,TK,,1,0,0,998,998
61355,11321,271,1,0,50,2,998,,0,1,0,998,998
61356,11321,271,2,2,30,1,998,,0,0,0,998,998
61357,11321,271,3,2,22,1,SMA,,1,0,0,998,998
61358,11322,275,1,0,57,1,SD,,0,1,0,998,998
61359,11322,275,2,1,54,2,SD,,0,0,0,998,998
61360,11322,275,3,2,30,2,S1,,0,0,0,998,998
61361,11322,275,4,2,24,2,SMA,,1,0,0,998,998
61362,11322,275,5,2,21,2,SMA,,1,0,0,998,998
61363,11322,275,6,2,19,2,SMP,,0,0,0,998,998
61364,11322,275,7,2,15,2,SD,,1,0,0,998,998
61365,11323,356,1,0,60,1,S1,,0,1,0,998,998
61366,11323,356,2,1,50,2,SD,,0,0,0,998,998
61367,11324,360,1,0,43,1,SD,,0,1,0,998,998
61368,11324,360,2,1,40,2,SD,,0,0,0,998,998
61369,11324,360,3,2,21,1,SMA,,1,0,0,998,998
61370,11324,360,4,2,19,1,SMA,,0,0,0,998,998
61371,11324,360,5,2,15,1,SMP,,1,0,0,998,998
61372,11324,360,6,2,13,1,SD,,1,0,0,998,998
61373,11325,366,1,0,55,2,SD,,0,1,0,998,998
61374,11325,366,2,2,13,2,SD,,1,0,0,998,998
61375,11326,367,1,0,25,1,SMA,,0,1,0,998,998
61376,11326,367,2,1,20,2,SD,,0,0,0,998,998
61377,11326,367,3,2,1,1,BELUM SEKOLAH,,0,0,0,998,998
61378,11327,358,1,0,27,1,SD,,0,1,0,998,998
61379,11327,358,2,1,26,2,998,,0,0,0,998,998
61380,11327,358,3,2,5,1,998,,0,0,0,998,998
61381,11328,365,1,0,30,1,SMP,,0,1,0,998,998
61382,11328,365,2,1,30,2,SD,,0,0,1,2,0
61383,11328,365,3,2,10,2,TK,,1,0,0,998,998
61384,11328,365,4,2,7,1,TK,,1,0,0,998,998
61385,11329,368,1,0,43,1,SD,,0,1,0,998,998
61386,11329,368,2,1,43,2,SD,,0,0,0,998,998
61387,11329,368,3,2,21,2,SMA,,0,0,0,998,998
61388,11329,368,4,2,13,2,SD,,0,0,0,998,998
61389,11330,357,1,0,53,2,998,,0,1,0,998,998
61390,11330,357,2,2,22,1,SMP,,0,0,0,998,998
61391,11331,364,1,0,64,1,TIDAK SEKOLAH,,0,1,0,998,998
61392,11331,364,2,1,59,2,TIDAK SEKOLAH,,0,0,0,998,998
61393,11332,352,1,0,60,1,SD,,0,1,0,998,998
61394,11332,352,2,1,55,2,SD,,0,0,0,998,998
61395,11333,354,1,0,27,1,SD,,0,1,0,998,998
61396,11333,354,2,1,21,2,SMP,,0,0,0,998,998
61397,11333,354,3,2,4,2,998,,1,0,0,998,998
61398,11333,354,4,2,3,1,998,,0,0,0,998,998
61399,11334,362,1,0,32,1,SMP,,0,1,0,998,998
61400,11334,362,2,1,40,2,SMP,,0,0,0,998,998
61401,11334,362,3,2,15,1,SMP,,1,0,0,998,998
61402,11334,362,4,2,7,2,TK,,1,0,0,998,998
61403,11334,362,5,2,4,1,TK,,1,0,0,998,998
61404,11335,355,1,0,32,1,SD,,0,1,0,998,998
61405,11335,355,2,1,28,2,SD,,0,0,0,998,998
61406,11335,355,3,2,14,1,SD,,1,0,0,998,998
61407,11335,355,4,2,8,2,TK,,1,0,0,998,998
61408,11336,350,1,0,70,1,SD,,0,1,0,998,998
61409,11336,350,2,1,60,2,SD,,0,0,0,998,998
61410,11337,353,1,0,33,1,SD,,0,1,0,998,998
61411,11337,353,2,1,31,2,SMP,,0,0,0,998,998
61412,11337,353,3,2,2,2,998,,0,0,0,998,998
61413,11338,359,1,0,35,1,SD,,0,1,0,998,998
61414,11338,359,2,1,30,2,SD,,0,0,0,998,998
61415,11338,359,3,2,21,1,SMA,,0,0,0,998,998
61416,11338,359,4,2,20,1,SMA,,0,0,0,998,998
61417,11338,359,5,2,14,2,SD,,0,0,0,998,998
61418,11338,359,6,2,12,2,TK,,0,0,0,998,998
61419,11339,351,1,0,64,1,998,,0,1,0,998,998
61420,11339,351,2,1,54,2,998,,0,0,0,998,998
61421,11340,349,1,0,32,1,SD,,0,1,0,998,998
61422,11340,349,2,1,28,2,SMA,,0,0,0,998,998
61423,11340,349,3,2,1,1,998,,0,0,0,998,998
61424,11341,363,1,0,45,1,SD,,0,1,0,998,998
61425,11341,363,2,1,41,2,SMP,,0,0,0,998,998
61426,11341,363,3,2,22,1,SMP,,0,0,0,998,998
61427,11341,363,4,2,19,2,SMA,,0,0,0,998,998
61428,11341,363,5,2,17,1,TK,,0,0,0,998,998
61429,11341,363,6,2,15,2,SMP,,1,0,0,998,998
61430,11341,363,7,2,14,2,SD,,1,0,0,998,998
61431,11341,363,8,2,5,1,TK,,1,0,0,998,998
61432,11341,363,9,2,3,1,TIDAK ADA,,0,0,0,998,998
61433,11342,361,1,0,63,1,SD,,0,1,0,998,998
61434,11342,361,2,1,47,2,SD,,0,0,0,998,998
61435,11342,361,3,2,23,2,SMP,,0,0,0,998,998
61436,11342,361,4,2,20,2,SMA,,0,0,0,998,998
61437,11342,361,5,2,15,1,SMP,,1,0,0,998,998
61438,11343,306,1,0,61,1,SD,,0,1,0,998,998
61439,11343,306,2,1,42,2,SD,,0,0,0,998,998
61440,11343,306,3,2,19,1,SMP,,1,0,0,998,998
61441,11343,306,4,2,17,1,SD,,1,0,0,998,998
61442,11343,306,5,2,12,1,TK,,1,0,0,998,998
61443,11343,306,6,2,6,1,TK,,1,0,0,998,998
61444,11344,284,1,0,50,1,SD,,0,1,1,5,0
61445,11344,284,2,1,49,2,998,,0,0,1,3,0
61446,11344,284,3,2,19,1,SMA,,0,0,0,998,998
61447,11344,284,4,2,13,2,SD,,1,0,0,998,998
61448,11345,314,1,0,70,1,SMP,,0,1,0,998,998
61449,11345,314,2,1,60,2,SD,,0,0,1,1,1
61450,11345,314,3,2,23,2,D1,,0,0,0,998,998
61451,11346,313,1,0,50,1,SD,,0,1,1,7,0
61452,11346,313,2,1,50,2,SD,,0,0,0,998,998
61453,11346,313,3,13,0,2,998,,0,0,0,998,998
61454,11346,313,4,2,19,2,SMA,,1,0,0,998,998
61455,11346,313,5,2,16,1,SMP,,1,0,0,998,998
61456,11346,313,6,2,14,1,SD,,1,0,0,998,998
61457,11346,313,7,2,12,1,SD,,1,0,0,998,998
61458,11346,313,8,2,10,2,TK,,1,0,0,998,998
61459,11347,307,1,0,57,1,SD,,0,1,1,1,1
61460,11347,307,2,1,52,2,SD,,0,0,0,998,998
61461,11347,307,3,13,0,2,998,,0,0,0,998,998
61462,11347,307,4,2,22,1,SMA,,1,0,0,998,998
61463,11347,307,5,2,20,1,SMA,,0,0,0,998,998
61464,11347,307,6,2,17,1,SMP,,1,0,0,998,998
61465,11348,315,1,0,48,1,SD,,0,1,1,20,20
61466,11348,315,2,1,58,2,SD,,0,0,0,998,998
61467,11348,315,3,2,28,1,SD,,0,0,0,998,998
61468,11348,315,4,2,25,2,SMP,,0,0,0,998,998
61469,11348,315,5,2,22,2,SMA,,0,0,0,998,998
61470,11348,315,6,2,21,2,SMA,,0,0,0,998,998
61471,11348,315,7,2,19,1,SMA,,0,0,0,998,998
61472,11349,303,1,0,57,1,SMA,,0,1,0,998,998
61473,11349,303,2,1,45,2,SD,,0,0,0,998,998
61474,11349,303,3,2,19,1,SMA,,0,0,0,998,998
61475,11349,303,4,2,18,1,SMP,,0,0,0,998,998
61476,11349,303,5,2,16,2,SMP,,1,0,0,998,998
61477,11349,303,6,2,0,2,998,,0,0,0,998,998
61478,11350,300,1,0,34,1,SD,,0,1,0,998,998
61479,11350,300,2,1,29,2,SMP,,0,0,0,998,998
61480,11350,300,3,2,11,1,TK,,1,0,0,998,998
61481,11350,300,4,2,7,2,TK,,1,0,0,998,998
61482,11350,300,5,2,6,1,998,,1,0,0,998,998
61483,11351,316,1,0,60,2,SD,,0,1,0,998,998
61484,11351,316,2,2,35,2,SD,,0,0,0,998,998
61485,11351,316,3,4,16,2,SD,,1,0,0,998,998
61486,11352,317,1,0,65,1,SD,,0,1,0,998,998
61487,11352,317,2,1,57,2,SD,,0,0,1,8,3
61488,11352,317,3,2,22,2,SMA,,1,0,0,998,998
61489,11352,317,4,2,27,2,SMP,,0,0,0,998,998
61490,11352,317,5,4,9,2,SD,,0,0,0,998,998
61491,11353,308,1,0,101,1,998,,0,1,0,998,998
61492,11354,302,1,0,37,1,SMP,,0,1,0,998,998
61493,11354,302,2,1,35,2,998,,0,0,0,998,998
61494,11354,302,3,13,0,2,998,,0,0,0,998,998
61495,11354,302,4,2,14,2,SD,,1,0,0,998,998
61496,11354,302,5,2,13,2,SD,,1,0,0,998,998
61497,11355,301,1,0,50,1,SD,,0,1,0,998,998
61498,11355,301,2,1,45,2,SD,,0,0,0,998,998
61499,11355,301,3,2,21,2,SMA,,1,0,0,998,998
61500,11355,301,4,2,19,1,SMA,,1,0,0,998,998
61501,11355,301,5,2,17,1,SD,,0,0,0,998,998
61502,11355,301,6,2,15,2,SD,,1,0,0,998,998
61503,11356,283,1,0,45,1,SD,,0,1,0,998,998
61504,11356,283,2,1,42,2,SD,,0,0,0,998,998
61505,11356,283,3,2,4,2,TK,,0,0,0,998,998
61506,11357,311,1,0,24,1,SMA,,0,1,0,998,998
61507,11357,311,2,1,24,2,SMA,,0,0,0,998,998
61508,11357,311,3,2,3,2,998,,0,0,0,998,998
61509,11358,309,1,0,36,1,SD,,0,1,1,3,3
61510,11358,309,2,1,31,2,SD,,0,0,0,998,998
61511,11358,309,3,2,13,2,SD,,1,0,0,998,998
61512,11358,309,4,2,11,1,TK,,1,0,0,998,998
61513,11358,309,5,2,4,1,MENJELANG TK,,1,0,0,998,998
61514,11359,304,1,0,48,1,998,,0,1,0,998,998
61515,11359,304,2,1,38,2,SD,,0,0,0,998,998
61516,11359,304,3,11,21,2,SMA,,0,0,0,998,998
61517,11359,304,4,11,18,1,SD,,0,0,0,998,998
61518,11359,304,5,13,0,1,998,,0,0,0,998,998
61519,11359,304,6,2,21,1,SMA,,0,0,0,998,998
61520,11359,304,7,2,17,2,SD,,1,0,0,998,998
61521,11359,304,8,2,11,1,TK,,1,0,0,998,998
61522,11360,305,1,0,33,1,SMP,,0,1,0,998,998
61523,11360,305,2,1,32,2,SMA,,0,0,0,998,998
61524,11360,305,3,2,14,2,SD,,1,0,0,998,998
61525,11360,305,4,2,12,2,TK,,1,0,0,998,998
61526,11360,305,5,2,11,2,TK,,1,0,0,998,998
61527,11360,305,6,2,7,2,TK,,1,0,0,998,998
61528,11360,305,7,2,0,2,998,,0,0,0,998,998
61529,11361,310,1,0,62,1,SD,,0,1,1,1,1
61530,11361,310,2,1,47,2,SD,,0,0,0,998,998
61531,11361,310,3,12,38,1,SD,,0,0,0,998,998
61532,11361,310,4,2,29,1,SD,,0,0,0,998,998
61533,11361,310,5,4,3,2,998,,0,0,0,998,998
61534,11361,310,6,4,1,1,998,,0,0,0,998,998
61535,11361,310,7,4,11,2,SD,,1,0,0,998,998
61536,11361,310,8,4,8,2,998,,0,0,0,998,998
61537,11361,310,9,4,1,1,998,,0,0,0,998,998
61538,11361,310,10,7,32,2,SD,,0,0,0,998,998
61539,11362,312,1,0,60,1,SD,,0,1,1,10,10
61540,11362,312,2,1,54,2,998,,0,0,0,998,998
61541,11362,312,3,2,35,2,SMA,,0,0,0,998,998
61542,11362,312,4,4,10,1,TK,,1,0,0,998,998
61543,11362,312,5,6,36,1,SMP,,0,0,0,998,998
61544,11363,251,1,0,23,1,SMA,,0,1,1,7,0
61545,11363,251,2,1,22,2,SMA,,0,0,1,7,7
61546,11363,251,3,2,3,1,TK,,1,0,0,998,998
61547,11363,251,4,2,1,2,BELUM SEKOLAH,,0,0,1,3,0
61548,11364,245,1,0,42,1,SMA,,0,1,0,998,998
61549,11364,245,2,1,36,2,SMP,,0,0,0,998,998
61550,11364,245,3,2,16,1,SMP,,1,0,0,998,998
61551,11364,245,4,2,15,1,SMP,,1,0,0,998,998
61552,11364,245,5,2,9,1,TK,,1,0,0,998,998
61553,11364,245,6,2,3,1,998,,0,0,0,998,998
61554,11365,250,1,0,47,1,SMP,,0,1,0,998,998
61555,11365,250,2,1,46,2,SMA,,0,0,0,998,998
61556,11365,250,3,2,29,2,D3,,0,0,0,998,998
61557,11365,250,4,2,17,2,SMP,,1,0,0,998,998
61558,11365,250,5,2,15,1,SMP,,1,0,0,998,998
61559,11365,250,6,6,32,1,S1,,0,0,0,998,998
61560,11366,246,1,0,60,1,SD,,0,1,0,998,998
61561,11366,246,2,1,51,2,SD,,0,0,0,998,998
61562,11367,247,1,0,52,1,SMA,,0,1,0,998,998
61563,11367,247,2,1,49,2,SMA,,0,0,0,998,998
61564,11367,247,3,2,28,1,S1,,0,0,0,998,998
61565,11367,247,4,2,26,1,SMA,,0,0,0,998,998
61566,11367,247,5,2,18,1,SMP,,1,0,0,998,998
61567,11367,247,6,2,11,2,TK,,1,0,0,998,998
61568,11368,248,1,0,27,1,SMA,,0,1,0,998,998
61569,11368,248,2,1,26,2,SMA,,0,0,0,998,998
61570,11368,248,3,2,1,2,BELUM SEKOLAH,,0,0,1,3,3
61571,11369,249,1,0,34,1,SD,,0,1,1,7,7
61572,11369,249,2,1,30,2,SMA,,0,0,0,998,998
61573,11370,252,1,0,32,1,SMA,,0,1,0,998,998
61574,11370,252,2,1,30,2,SMA,,0,0,0,998,998
61575,11370,252,3,2,7,2,TK,,1,0,0,998,998
61576,11370,252,4,2,4,2,TK,,1,0,0,998,998
61577,11370,252,5,2,3,1,TK,,0,0,1,3,3
61578,11370,252,6,2,0,2,BELUM SEKOLAH,,0,0,0,998,998
61579,11371,243,1,0,49,1,SD,,0,1,0,998,998
61580,11371,243,2,1,46,2,SD,,0,0,0,998,998
61581,11371,243,3,2,15,2,SMP,,1,0,0,998,998
61582,11372,244,1,0,70,1,SD,,0,1,0,998,998
61583,11372,244,2,1,65,2,SD,,0,0,0,998,998
61584,11373,119,1,0,65,1,SD,,0,1,1,15,15
61585,11373,119,2,1,55,2,SD,,0,0,0,998,998
61586,11374,125,1,0,33,1,S1,,0,1,0,998,998
61587,11374,125,2,1,31,2,D3,,0,0,0,998,998
61588,11374,125,3,2,4,2,TK,,1,0,0,998,998
61589,11374,125,4,2,2,1,TK,,1,0,0,998,998
61590,11375,127,1,0,40,1,SMA,,0,1,0,998,998
61591,11375,127,2,1,36,2,SMA,,0,0,0,998,998
61592,11375,127,3,2,15,1,SMP,,0,0,0,998,998
61593,11375,127,4,2,9,1,SD,,0,0,0,998,998
61594,11375,127,5,2,8,1,SD,,0,0,0,998,998
61595,11375,127,6,2,3,2,TK,,0,0,0,998,998
61596,11376,123,1,0,48,1,SMP,,0,1,0,998,998
61597,11376,123,2,1,40,2,SMP,,0,0,0,998,998
61598,11376,123,3,2,21,1,SMA,,1,0,0,998,998
61599,11376,123,4,2,18,2,SMA,,1,0,0,998,998
61600,11376,123,5,2,16,2,SMP,,1,0,1,2,0
61601,11377,121,1,0,65,1,SD,,0,1,1,4,0
61602,11377,121,2,1,44,2,SD,,0,0,1,3,0
61603,11377,121,3,2,26,1,S1,,0,0,0,998,998
61604,11377,121,4,2,25,2,S1,,0,0,0,998,998
61605,11377,121,5,2,20,1,SMA,,0,0,1,7,0
61606,11377,121,6,2,17,1,SMP,,1,0,0,998,998
61607,11377,121,7,2,13,1,SD,,1,0,1,4,0
61608,11378,126,1,0,32,1,SMP,,0,1,0,998,998
61609,11378,126,2,1,29,2,SD,,0,0,0,998,998
61610,11378,126,3,2,4,1,TK,,0,0,0,998,998
61611,11378,126,4,2,3,1,TK,,0,0,0,998,998
61612,11379,124,1,0,49,1,SMA,,0,1,0,998,998
61613,11379,124,2,1,31,2,SMA,,0,0,0,998,998
61614,11379,124,3,2,12,1,SD,,1,0,0,998,998
61615,11379,124,4,2,9,1,SD,,1,0,0,998,998
61616,11379,124,5,2,2,2,BELUM SEKOLAH,,0,0,1,3,0
61617,11380,118,1,0,65,2,SD,,0,1,0,998,998
61618,11380,118,2,2,29,2,SD,,0,0,0,998,998
61619,11380,118,3,4,11,1,TK,,1,0,0,998,998
61620,11380,118,4,4,4,1,TK,,1,0,0,998,998
61621,11380,118,5,4,0,1,BELUM SEKOLAH,,0,0,0,998,998
61622,11380,118,6,6,40,1,SMA,,0,0,0,998,998
61623,11381,120,1,0,39,1,SMA,,0,1,0,998,998
61624,11381,120,2,1,30,2,SMA,,0,0,1,1,0
61625,11381,120,3,2,10,1,TK,,1,0,0,998,998
61626,11381,120,4,2,8,1,TK,,1,0,0,998,998
61627,11382,122,1,0,55,1,SMA,,0,1,0,998,998
61628,11382,122,2,1,53,2,SMP,,0,0,1,10,0
61629,11382,122,3,2,27,2,S1,,0,0,0,998,998
61630,11382,122,4,2,22,1,SMA,,1,0,997,998,998
61631,11383,7,1,0,34,1,SMP,,0,1,0,998,998
61632,11383,7,2,1,31,2,998,,0,0,1,3,0
61633,11383,7,3,2,11,1,SD,,1,0,1,4,0
61634,11383,7,4,3,60,1,998,,0,0,1,7,3
61635,11383,7,5,3,55,2,998,,0,0,1,14,14
61636,11384,3,1,0,80,1,SD,,0,1,1,5,5
61637,11385,2,1,0,41,1,998,,0,1,1,8,0
61638,11385,2,2,1,41,2,998,,0,0,1,28,0
61639,11385,2,3,11,19,1,998,,0,0,0,998,998
61640,11385,2,4,11,17,2,998,,0,0,0,998,998
61641,11385,2,5,2,11,1,998,,1,0,1,7,0
61642,11386,5,1,0,49,1,SMA,,0,1,0,998,998
61643,11386,5,2,1,50,2,SMA,,0,0,0,998,998
61644,11386,5,3,2,17,2,SMA,,1,0,0,998,998
61645,11387,10,1,0,28,1,S1,,0,1,0,998,998
61646,11387,10,2,1,23,2,998,,0,0,1,4,0
61647,11387,10,3,13,0,1,-,,0,0,0,998,998
61648,11387,10,4,2,12,1,SD,,1,0,0,998,998
61649,11388,9,1,0,55,1,998,,0,1,1,7,7
61650,11388,9,2,1,50,2,SD,,0,0,1,7,7
61651,11388,9,3,2,21,2,SMA,,0,0,0,998,998
61652,11388,9,4,6,27,2,SMP,,0,0,0,998,998
61653,11388,9,5,6,25,1,SMA,,0,0,1,1,0
61654,11389,8,1,0,63,2,998,,0,1,1,15,15
61655,11389,8,2,6,40,2,SD,,0,0,1,2,0
61656,11389,8,3,6,35,1,998,,0,0,1,3,0
61657,11390,11,1,0,54,1,SMA,,0,1,0,998,998
61658,11390,11,2,1,53,2,SMP,,0,0,1,4,0
61659,11390,11,3,2,11,2,SD,,1,0,0,998,998
61660,11391,4,1,0,44,1,SMP,,0,1,0,998,998
61661,11391,4,2,1,42,2,998,,0,0,0,998,998
61662,11391,4,3,2,4,2,998,,1,0,0,998,998
61663,11392,12,1,0,35,1,998,,0,1,0,998,998
61664,11392,12,2,1,32,2,SD,,0,0,1,4,0
61665,11392,12,3,2,11,1,SD,,1,0,0,998,998
61666,11393,6,1,0,34,1,S1,,0,1,0,998,998
61667,11393,6,2,1,31,2,SMP,,0,0,0,998,998
61668,11393,6,3,2,7,2,TK,,1,0,1,3,3
61669,11394,58,1,0,71,1,998,,0,1,1,20,20
61670,11394,58,2,1,54,2,998,,0,0,1,7,0
61671,11394,58,3,2,33,1,SMP,,0,0,0,998,998
61672,11395,54,1,0,61,1,SD,,0,1,1,3,3
61673,11395,54,2,1,55,2,SD,,0,0,1,7,0
61674,11395,54,3,2,35,1,SD,,0,0,0,998,998
61675,11395,54,4,2,30,1,S1,,0,0,0,998,998
61676,11395,54,5,2,26,1,S1,,0,0,0,998,998
61677,11395,54,6,2,24,1,SMA,,0,0,0,998,998
61678,11396,59,1,0,65,1,SD,,0,1,0,998,998
61679,11396,59,2,1,55,2,SD,,0,0,0,998,998
61680,11396,59,3,2,18,1,SMA,,1,0,0,998,998
61681,11397,49,1,0,63,1,SMP,,0,1,0,998,998
61682,11397,49,2,1,49,2,SMP,,0,0,1,7,0
61683,11397,49,3,2,25,2,S1,,0,0,0,998,998
61684,11397,49,4,2,17,2,SMA,,1,0,0,998,998
61685,11398,1,1,0,73,1,SD,,0,1,1,7,7
61686,11398,1,2,1,68,2,SD,,0,0,1,10,10
61687,11399,28,1,0,40,2,SMA,,0,1,0,998,998
61688,11399,28,2,2,13,1,SMP,,1,0,0,998,998
61689,11399,28,3,2,2,1,998,,0,0,1,4,4
61690,11400,57,1,0,38,1,SD,,0,1,0,998,998
61691,11400,57,2,1,35,2,SD,,0,0,0,998,998
61692,11400,57,3,2,15,2,SMP,,1,0,0,998,998
61693,11400,57,4,2,10,2,TK,,1,0,0,998,998
61694,11400,57,5,2,8,1,TK,,1,0,0,998,998
61695,11401,51,1,0,49,1,SMA,,0,1,0,998,998
61696,11401,51,2,1,45,2,SD,,0,0,0,998,998
61697,11401,51,3,2,27,1,SMA,,0,0,0,998,998
61698,11401,51,4,2,24,2,SMA,,0,0,0,998,998
61699,11401,51,5,2,19,1,SMA,,0,0,0,998,998
61700,11401,51,6,2,12,2,SD,,1,0,0,998,998
61701,11401,51,7,4,4,1,BELUM SEKOLAH,,0,0,0,998,998
61702,11401,51,8,4,2,2,BELUM SEKOLAH,,0,0,0,998,998
61703,11401,51,9,4,4,1,BELUM SEKOLAH,,0,0,0,998,998
61704,11401,51,10,4,0,2,BELUM SEKOLAH,,0,0,0,998,998
61705,11401,51,11,6,25,2,SMP,,0,0,0,998,998
61706,11401,51,12,6,27,1,SD,,0,0,0,998,998
61707,11402,53,1,0,64,2,SD,,0,1,1,7,7
61708,11402,53,2,2,34,2,SMA,,0,0,0,998,998
61709,11402,53,3,2,26,1,SD,,0,0,0,998,998
61710,11402,53,4,4,16,2,SD,,1,0,0,998,998
61711,11402,53,5,4,15,1,SD,,1,0,0,998,998
61712,11402,53,6,4,4,2,TK,,1,0,0,998,998
61713,11402,53,7,4,0,2,BELUM SEKOLAH,,0,0,0,998,998
61714,11402,53,8,6,41,1,SMA,,0,0,0,998,998
61715,11402,53,9,6,21,2,SMA,,0,0,0,998,998
61716,11403,50,1,0,34,1,S1,,0,1,1,5,0
61717,11403,50,2,1,29,2,S1,,0,0,0,998,998
61718,11403,50,3,2,4,2,BELUM SEKOLAH,,0,0,0,998,998
61719,11403,50,4,2,2,2,BELUM SEKOLAH,,0,0,0,998,998
61720,11404,48,1,0,47,1,SMP,,0,1,0,998,998
61721,11404,48,2,1,42,2,SMP,,0,0,0,998,998
61722,11404,48,3,2,19,1,SMA,,1,0,0,998,998
61723,11404,48,4,2,14,1,SMP,,1,0,0,998,998
61724,11404,48,5,2,7,2,SD,,1,0,0,998,998
61725,11405,56,1,0,70,1,SD,,0,1,0,998,998
61726,11405,56,2,1,65,2,SD,,0,0,0,998,998
61727,11405,56,3,2,12,1,SMP,,1,0,0,998,998
61728,11406,55,1,0,55,1,998,,0,1,0,998,998
61729,11406,55,2,1,42,2,SD,,0,0,0,998,998
61730,11406,55,3,2,28,2,SMA,,0,0,0,998,998
61731,11406,55,4,2,21,1,SMP,,0,0,0,998,998
61732,11406,55,5,2,19,1,SMP,,0,0,0,998,998
61733,11406,55,6,2,13,2,SMP,,1,0,0,998,998
61734,11407,52,1,0,61,1,SD,,0,1,0,998,998
61735,11407,52,2,1,59,2,SD,,0,0,1,10,10
61736,11407,52,3,2,34,1,SD,,0,0,0,998,998
61737,11407,52,4,2,31,1,SMP,,0,0,0,998,998
61738,11407,52,5,2,25,1,SMA,,0,0,0,998,998
61739,11408,333,1,0,53,1,SD,,0,1,1,5,5
61740,11408,333,2,1,50,2,SD,,0,0,1,7,3
61741,11408,333,3,2,29,1,SD,,0,0,0,998,998
61742,11408,333,4,2,32,1,SMP,,0,0,0,998,998
61743,11408,333,5,2,26,2,D3,,0,0,0,998,998
61744,11408,333,6,4,2,1,BELUM SEKOLAH,,0,0,0,998,998
61745,11408,333,7,4,0,1,BELUM SEKOLAH,,0,0,0,998,998
61746,11408,333,8,6,28,2,SMP,,0,0,0,998,998
61747,11408,333,9,6,28,1,S1,,0,0,0,998,998
61748,11409,342,1,0,40,2,SD,,0,1,0,998,998
61749,11409,342,2,2,32,1,SMA,,0,0,0,998,998
61750,11409,342,3,2,30,1,SMA,,0,0,0,998,998
61751,11409,342,4,2,10,1,SD,,1,0,0,998,998
61752,11410,341,1,0,62,1,998,,0,1,0,998,998
61753,11410,341,2,1,50,2,998,,0,0,0,998,998
61754,11410,341,3,2,31,1,SMA,,0,0,0,998,998
61755,11410,341,4,2,22,2,SMA,,0,0,0,998,998
61756,11410,341,5,2,20,1,SMA,,0,0,0,998,998
61757,11410,341,6,2,18,1,SMP,,1,0,0,998,998
61758,11410,341,7,2,17,1,SMP,,1,0,0,998,998
61759,11410,341,8,2,15,1,SMP,,1,0,0,998,998
61760,11411,343,1,0,41,1,S1,,0,1,0,998,998
61761,11411,343,2,1,52,2,SMA,,0,0,0,998,998
61762,11411,343,3,2,28,1,S1,,1,0,0,998,998
61763,11411,343,4,2,20,1,SMA,,1,0,0,998,998
61764,11411,343,5,2,11,1,TK,,1,0,0,998,998
61765,11412,334,1,0,28,1,SD,,0,1,0,998,998
61766,11412,334,2,1,27,2,SMA,,0,0,0,998,998
61767,11412,334,3,2,4,2,TK,,1,0,1,4,4
61768,11412,334,4,2,0,1,BELUM SEKOLAH,,0,0,1,10,10
61769,11413,335,1,0,77,1,SEKOLAH RAKYAT (SR),,0,1,1,7,0
61770,11413,335,2,11,22,2,SMA,,0,0,0,998,998
61771,11413,335,3,2,50,1,S1,,0,0,1,4,0
61772,11413,335,4,4,27,1,S1,,1,0,0,998,998
61773,11413,335,5,4,25,2,S1,,0,0,0,998,998
61774,11413,335,6,4,22,2,SMA,,0,0,0,998,998
61775,11413,335,7,4,18,2,SMP,,1,0,0,998,998
61776,11413,335,8,4,15,1,SMP,,1,0,0,998,998
61777,11413,335,9,4,13,2,SD,,1,0,0,998,998
61778,11413,335,10,4,12,2,TK,,1,0,0,998,998
61779,11413,335,11,4,5,2,TK,,1,0,0,998,998
61780,11413,335,12,4,1,2,BELUM SEKOLAH,,0,0,0,998,998
61781,11413,335,13,6,40,2,SMA,,0,0,0,998,998
61782,11414,339,1,0,45,1,SD,,0,1,0,998,998
61783,11414,339,2,1,47,2,SMP,,0,0,0,998,998
61784,11414,339,3,2,17,2,SMP,,1,0,0,998,998
61785,11414,339,4,2,13,2,SD,,1,0,0,998,998
61786,11414,339,5,2,11,1,TK,,1,0,0,998,998
61787,11414,339,6,2,9,2,TK,,1,0,0,998,998
61788,11415,336,1,0,50,1,SMP,,0,1,0,998,998
61789,11415,336,2,1,42,2,SD,,0,0,0,998,998
61790,11415,336,3,2,23,1,S1,,0,0,0,998,998
61791,11415,336,4,2,19,1,SMA,,0,0,0,998,998
61792,11415,336,5,2,18,2,SMP,,1,0,0,998,998
61793,11415,336,6,2,4,2,BELUM SEKOLAH,,0,0,0,998,998
61794,11416,340,1,0,70,1,998,,0,1,0,998,998
61795,11416,340,2,1,65,2,998,,0,0,0,998,998
61796,11416,340,3,2,20,1,SMA,,0,0,0,998,998
61797,11416,340,4,2,18,1,SMP,,0,0,0,998,998
61798,11416,340,5,2,15,1,SMP,,1,0,0,998,998
61799,11417,337,1,0,54,1,SD,,0,1,0,998,998
61800,11417,337,2,1,39,2,SMA,,0,0,0,998,998
61801,11417,337,3,2,21,1,SMA,,0,0,0,998,998
61802,11417,337,4,2,22,1,SMA,,0,0,0,998,998
61803,11417,337,5,2,19,1,SMA,,0,0,0,998,998
61804,11418,31,1,0,67,1,SD,,0,1,0,998,998
61805,11418,31,2,1,57,2,SD,,0,0,1,3,0
61806,11418,31,3,11,41,1,SMA,,0,0,0,998,998
61807,11418,31,4,2,32,1,SMA,,0,0,0,998,998
61808,11418,31,5,2,28,1,SMA,,0,0,0,998,998
61809,11418,31,6,2,26,2,SMA,,0,0,0,998,998
61810,11419,45,1,0,27,1,SMA,,0,1,0,998,998
61811,11419,45,2,1,19,2,SMA,,0,0,0,998,998
61812,11419,45,3,2,0,2,998,,0,0,1,7,0
61813,11420,38,1,0,44,1,SMP,,0,1,0,998,998
61814,11420,38,2,1,42,2,998,,0,0,0,998,998
61815,11420,38,3,2,11,2,SD,,1,0,0,998,998
61816,11420,38,4,6,16,2,SMP,,1,0,0,998,998
61817,11421,40,1,0,65,1,SD,,0,1,0,998,998
61818,11421,40,2,2,30,1,SMP,,0,0,0,998,998
61819,11421,40,3,4,9,1,SD,,1,0,0,998,998
61820,11421,40,4,6,27,2,SMP,,0,0,0,998,998
61821,11422,30,1,0,64,1,SD,,0,1,1,4,0
61822,11422,30,2,1,62,2,SD,,0,0,1,2,0
61823,11422,30,3,11,14,1,998,,1,0,0,998,998
61824,11423,41,1,0,100,2,998,,0,1,1,15,15
61825,11424,36,1,0,52,1,998,,0,1,1,25,25
61826,11424,36,2,1,50,2,998,,0,0,0,998,998
61827,11424,36,3,2,24,2,SMP,,0,0,0,998,998
61828,11424,36,4,2,22,1,SD,,0,0,0,998,998
61829,11424,36,5,2,19,2,SMP,,0,0,0,998,998
61830,11424,36,6,2,11,1,SD,,1,0,0,998,998
61831,11425,46,1,0,62,1,998,,0,1,1,25,25
61832,11425,46,2,1,59,1,998,,0,0,1,25,25
61833,11425,46,3,2,24,2,SMA,,0,0,0,998,998
61834,11425,46,4,2,22,1,SMA,,0,0,0,998,998
61835,11425,46,5,2,19,2,SMA,,0,0,0,998,998
61836,11425,46,6,2,11,1,TK,,1,0,0,998,998
61837,11426,37,1,0,60,2,SD,,0,1,1,7,0
61838,11426,37,2,2,28,1,SMP,,0,0,0,998,998
61839,11427,47,1,0,67,2,998,,0,1,1,25,25
61840,11428,29,1,0,31,1,SD,,0,1,0,998,998
61841,11428,29,2,1,27,2,SMA,,0,0,0,998,998
61842,11428,29,3,2,6,1,TK,,1,0,1,3,0
61843,11428,29,4,2,2,1,998,,0,0,1,1,1
61844,11429,39,1,0,57,1,SD,,0,1,0,998,998
61845,11429,39,2,1,40,2,SD,,0,0,0,998,998
61846,11429,39,3,2,24,1,SMA,,0,0,1,28,28
61847,11429,39,4,2,13,1,SMP,,1,0,0,998,998
61848,11429,39,5,2,12,2,SMP,,1,0,0,998,998
61849,11429,39,6,2,20,1,D2,,1,0,1,1,0
61850,11430,44,1,0,72,2,SD,,0,1,1,3,0
61851,11430,44,2,2,35,2,SMP,,0,0,1,1,0
61852,11430,44,3,2,8,1,SD,,1,0,1,1,0
61853,11431,32,1,0,65,2,SD,,0,1,1,7,0
61854,11431,32,2,2,32,1,SD,,0,0,0,998,998
61855,11432,34,1,0,40,1,998,,0,1,1,1,1
61856,11432,34,2,1,34,2,SMP,,0,0,0,998,998
61857,11432,34,3,2,15,2,SMP,,1,0,0,998,998
61858,11432,34,4,2,9,2,TK,,1,0,0,998,998
61859,11432,34,5,2,4,2,998,,1,0,0,998,998
61860,11433,42,1,0,59,1,SMA,,0,1,0,998,998
61861,11433,42,2,1,58,2,KPG SETARA DENGAN D2,,0,0,0,998,998
61862,11433,42,3,2,22,2,S1,,0,0,0,998,998
61863,11433,42,4,2,17,2,SMA,,1,0,0,998,998
61864,11434,33,1,0,77,1,SR (SEKOLAH RAKYAT),,0,1,1,25,25
61865,11434,33,2,1,74,2,SR,,0,0,1,25,25
61866,11435,43,1,0,45,1,998,,0,1,0,998,998
61867,11435,43,2,2,19,2,998,,0,0,1,1,0
61868,11435,43,3,2,7,2,998,,1,0,1,3,0
61869,11436,35,1,0,26,1,998,,0,1,0,998,998
61870,11436,35,2,1,25,2,998,,0,0,0,998,998
61871,11436,35,3,2,3,1,998,,0,0,0,998,998
61872,11437,372,1,0,60,2,998,,0,1,0,998,998
61873,11437,372,2,7,58,2,998,,0,0,0,998,998
61874,11438,370,1,0,47,1,SD,,0,1,1,7,7
61875,11438,370,2,1,47,2,SD,,0,0,1,2,0
61876,11438,370,3,2,20,2,SMA,,0,0,0,998,998
61877,11438,370,4,2,17,2,SMP,,1,0,0,998,998
61878,11438,370,5,2,15,2,SD,,1,0,0,998,998
61879,11438,370,6,2,23,1,SMP,,0,0,0,998,998
61880,11439,369,1,0,30,1,SD,,0,1,0,998,998
61881,11439,369,2,1,22,2,SMA,,0,0,0,998,998
61882,11439,369,3,2,0,2,998,,0,0,0,998,998
61883,11439,369,4,5,60,2,998,,0,0,1,2,2
61884,11440,373,1,0,58,1,SD,,0,1,0,998,998
61885,11440,373,2,1,52,2,SD,,0,0,0,998,998
61886,11440,373,3,2,30,2,S1,,0,0,0,998,998
61887,11440,373,4,2,17,2,SMP,,1,0,0,998,998
61888,11440,373,5,2,29,1,S1,,0,0,0,998,998
61889,11440,373,6,2,25,1,S1,,0,0,0,998,998
61890,11440,373,7,2,22,1,SMA,,0,0,0,998,998
61891,11440,373,8,4,2,2,998,,0,0,0,998,998
61892,11440,373,9,4,0,2,998,,0,0,0,998,998
61893,11441,344,1,0,60,1,998,,0,1,0,998,998
61894,11441,344,2,1,54,2,SD,,0,0,0,998,998
61895,11441,344,3,2,26,1,SMP,,0,0,0,998,998
61896,11442,345,1,0,52,1,998,,0,1,0,998,998
61897,11442,345,2,2,19,1,SMA,,0,0,0,998,998
61898,11442,345,3,2,15,2,SMP,,1,0,0,998,998
61899,11442,345,4,2,25,2,SMA,,0,0,0,998,998
61900,11443,347,1,0,35,1,SMP,,0,1,0,998,998
61901,11443,347,2,1,35,2,998,,0,0,0,998,998
61902,11443,347,3,2,10,2,TK,,1,0,0,998,998
61903,11443,347,4,2,5,2,998,,1,0,0,998,998
61904,11443,347,5,2,2,2,998,,0,0,0,998,998
61905,11444,371,1,0,50,1,SD,,0,1,0,998,998
61906,11444,371,2,1,45,2,SD,,0,0,0,998,998
61907,11444,371,3,2,16,2,SMP,,1,0,0,998,998
61908,11444,371,4,2,15,2,SD,,1,0,0,998,998
61909,11444,371,5,2,13,1,SD,,1,0,0,998,998
61910,11444,371,6,2,11,2,TK,,1,0,0,998,998
61911,11444,371,7,2,8,2,TK,,1,0,0,998,998
61912,11444,371,8,2,1,2,998,,0,0,0,998,998
61913,11445,348,1,0,79,1,SD,,0,1,0,998,998
61914,11445,348,2,1,62,2,SD,,0,0,0,998,998
61915,11445,348,3,2,26,1,SMA,,0,0,0,998,998
61916,11445,348,4,2,31,1,SMA,,1,0,0,998,998
61917,11446,346,1,0,45,1,SD,,0,1,0,998,998
61918,11446,346,2,1,39,2,SD,,0,0,0,998,998
61919,11446,346,3,2,17,1,SMP,,1,0,0,998,998
61920,11446,346,4,2,15,1,SMP,,1,0,0,998,998
61921,11446,346,5,2,13,2,SD,,1,0,0,998,998
61922,11446,346,6,2,8,2,TK,,1,0,0,998,998
61923,11447,218,1,0,80,1,SR (SEKOLAH RAKYAT),,0,1,1,15,15
61924,11447,218,2,1,60,2,998,,0,0,1,15,0
61925,11447,218,3,2,39,2,S1,,0,0,0,998,998
61926,11447,218,4,4,4,2,TK,,1,0,1,2,2
61927,11447,218,5,6,39,1,S1,,0,0,0,998,998
61928,11448,231,1,0,45,1,SMA,,0,1,0,998,998
61929,11448,231,2,1,46,2,SMA,,0,0,0,998,998
61930,11448,231,3,2,17,1,SMA,,0,0,0,998,998
61931,11448,231,4,2,10,2,TK,,1,0,0,998,998
61932,11449,217,1,0,62,1,SD,,0,1,0,998,998
61933,11449,217,2,1,47,2,SMP,,0,0,0,998,998
61934,11449,217,3,2,27,2,S1,,0,0,0,998,998
61935,11449,217,4,2,26,2,SMA,,0,0,0,998,998
61936,11449,217,5,2,16,1,SMP,,1,0,0,998,998
61937,11449,217,6,6,40,1,S1,,0,0,0,998,998
61938,11449,217,7,6,27,1,SMA,,0,0,0,998,998
61939,11450,223,1,0,66,1,SD,,0,1,1,3,0
61940,11450,223,2,1,55,2,998,,0,0,1,7,0
61941,11451,237,1,0,46,1,SD,,0,1,0,998,998
61942,11451,237,2,1,46,2,SMA,,0,0,0,998,998
61943,11451,237,3,2,24,2,S1,,0,0,0,998,998
61944,11451,237,4,2,20,1,SMA,,0,0,0,998,998
61945,11451,237,5,2,16,2,SMP,,0,0,0,998,998
61946,11452,236,1,0,80,2,TIDAK SEKOLAH,,0,1,1,15,15
61947,11452,236,2,2,35,2,SMP,,0,0,0,998,998
61948,11453,227,1,0,36,1,SMA,,0,1,0,998,998
61949,11453,227,2,1,43,2,S1,,0,0,0,998,998
61950,11453,227,3,2,17,2,SMP,,1,0,0,998,998
61951,11453,227,4,2,13,2,SD,,1,0,0,998,998
61952,11453,227,5,2,10,1,TK,,1,0,0,998,998
61953,11453,227,6,2,4,2,TK,,1,0,0,998,998
61954,11454,233,1,0,45,1,SMP,,0,1,0,998,998
61955,11454,233,2,1,33,2,SMA,,0,0,0,998,998
61956,11454,233,3,2,24,2,S1,,0,0,0,998,998
61957,11454,233,4,2,22,1,SMA,,0,0,0,998,998
61958,11454,233,5,2,11,2,TK,,1,0,0,998,998
61959,11454,233,6,2,8,1,TK,,1,0,0,998,998
61960,11454,233,7,2,5,2,998,,0,0,0,998,998
61961,11454,233,8,2,2,1,998,,0,0,0,998,998
61962,11455,230,1,0,38,1,SD,,0,1,0,998,998
61963,11455,230,2,1,30,2,SD,,0,0,0,998,998
61964,11455,230,3,2,18,1,SMA,,0,0,0,998,998
61965,11455,230,4,2,14,1,SD,,1,0,0,998,998
61966,11455,230,5,2,0,2,998,,0,0,0,998,998
61967,11456,229,1,0,40,1,SMA,,0,1,0,998,998
61968,11456,229,2,1,37,2,SMP,,0,0,0,998,998
61969,11456,229,3,2,19,1,SMA,,1,0,0,998,998
61970,11456,229,4,2,16,2,SMP,,1,0,0,998,998
61971,11457,232,1,0,53,1,SMA,,0,1,0,998,998
61972,11457,232,2,1,45,2,SMP,,0,0,0,998,998
61973,11457,232,3,2,26,1,S1,,0,0,0,998,998
61974,11457,232,4,2,20,1,SMA,,1,0,0,998,998
61975,11458,228,1,0,67,1,998,,0,1,0,998,998
61976,11458,228,2,1,45,2,998,,0,0,0,998,998
61977,11459,224,1,0,54,1,S1,,0,1,0,998,998
61978,11459,224,2,1,50,2,SMA,,0,0,0,998,998
61979,11459,224,3,2,28,1,S1,,0,0,0,998,998
61980,11459,224,4,2,25,1,SMA,,1,0,0,998,998
61981,11459,224,5,2,21,1,SMA,,1,0,0,998,998
61982,11460,219,1,0,45,1,SD,,0,1,1,3,0
61983,11460,219,2,2,18,1,SMP,,1,0,0,998,998
61984,11461,225,1,0,50,1,SD,,0,1,0,998,998
61985,11461,225,2,1,50,2,SD,,0,0,0,998,998
61986,11461,225,3,2,14,2,SMP,,1,0,0,998,998
61987,11462,338,1,0,48,1,SMA,,0,1,0,998,998
61988,11462,338,2,1,32,2,SMP,,0,0,0,998,998
61989,11462,338,3,2,16,1,SMP,,0,0,0,998,998
61990,11463,226,1,0,48,1,S1,,0,1,0,998,998
61991,11463,226,2,1,47,2,D3,,0,0,0,998,998
61992,11463,226,3,2,30,2,D3,,0,0,0,998,998
61993,11463,226,4,4,5,2,998,,1,0,0,998,998
61994,11463,226,5,6,30,1,D3,,0,0,0,998,998
61995,11464,222,1,0,54,1,SD,,0,1,0,998,998
61996,11464,222,2,1,50,2,SD,,0,0,0,998,998
61997,11464,222,3,2,31,1,S1,,0,0,0,998,998
61998,11464,222,4,2,27,1,S1,,0,0,0,998,998
61999,11464,222,5,2,22,1,SMA,,1,0,0,998,998
62000,11464,222,6,2,19,1,SMA,,1,0,0,998,998
62001,11464,222,7,4,1,2,998,,0,0,0,998,998
62002,11464,222,8,6,27,2,D3,,0,0,0,998,998
62003,11465,220,1,0,50,1,998,,0,1,1,3,3
62004,11465,220,2,1,45,2,SD,,0,0,0,998,998
62005,11465,220,3,2,13,2,SD,,1,0,0,998,998
62006,11466,221,1,0,56,1,S1,,0,1,0,998,998
62007,11466,221,2,1,40,2,SMA,,0,0,0,998,998
62008,11466,221,3,2,21,2,SMA,,0,0,0,998,998
62009,11466,221,4,2,22,2,SMA,,0,0,0,998,998
62010,11466,221,5,2,9,2,SD,,0,0,0,998,998
62011,11467,235,1,0,70,1,SD,,0,1,1,15,0
62012,11467,235,2,1,65,2,SD,,0,0,1,15,0
62013,11467,235,3,2,30,1,S1,,0,0,0,998,998
62014,11468,234,1,0,55,2,SD,,0,1,1,15,0
62015,11468,234,2,2,19,2,SMA,,1,0,1,7,0
62016,11468,234,3,2,17,1,SMP,,1,0,1,3,0
62017,11469,265,1,0,75,1,998,,0,1,0,998,998
62018,11469,265,2,1,65,2,998,,0,0,0,998,998
62019,11470,261,1,0,58,1,SMP,,0,1,0,998,998
62020,11470,261,2,1,62,2,SD,,0,0,0,998,998
62021,11470,261,3,13,0,1,998,,0,0,998,998,998
62022,11470,261,4,2,23,2,S1,,0,0,0,998,998
62023,11471,262,1,0,35,1,SMP,,0,1,0,998,998
62024,11471,262,2,1,30,2,SD,,0,0,0,998,998
62025,11471,262,3,2,13,1,SD,,1,0,0,998,998
62026,11471,262,4,2,5,2,TK,,1,0,0,998,998
62027,11472,267,1,0,24,2,SMA,,0,1,0,998,998
62028,11472,267,2,2,3,2,998,,0,0,0,998,998
62029,11472,267,3,5,53,1,998,,0,0,0,998,998
62030,11472,267,4,5,50,2,998,,0,0,0,998,998
62031,11473,264,1,0,37,1,SMP,,0,1,0,998,998
62032,11473,264,2,1,38,2,SMA,,0,0,0,998,998
62033,11473,264,3,2,14,1,SD,,1,0,0,998,998
62034,11473,264,4,2,7,2,TK,,1,0,0,998,998
62035,11473,264,5,2,5,2,TK,,0,0,0,998,998
62036,11473,264,6,2,3,2,TK,,1,0,0,998,998
62037,11474,263,1,0,66,1,TIDAK SEKOLAH,,0,1,1,15,15
62038,11474,263,2,1,56,2,SD,,0,0,1,15,0
62039,11474,263,3,2,29,1,S1,,0,0,0,998,998
62040,11474,263,4,2,25,2,S1,,0,0,0,998,998
62041,11474,263,5,2,20,2,SMA,,0,0,0,998,998
62042,11475,266,1,0,60,2,998,,0,1,1,3,3
62043,11475,266,2,4,30,2,SMA,,0,0,0,998,998
62044,11476,258,1,0,52,1,SMP,,0,1,0,998,998
62045,11476,258,2,2,23,1,SMA,,0,0,0,998,998
62046,11476,258,3,2,20,2,SMA,,1,0,0,998,998
62047,11476,258,4,2,16,2,SD,,1,0,0,998,998
62048,11477,260,1,0,36,1,SD,,0,1,0,998,998
62049,11477,260,2,1,34,2,SMA,,0,0,0,998,998
62050,11477,260,3,2,14,2,SD,,1,0,1,1,0
62051,11477,260,4,2,10,1,TK,,1,0,0,998,998
62052,11477,260,5,2,5,1,998,,1,0,0,998,998
62053,11478,259,1,0,70,1,SD,,0,1,1,2,1
62054,11479,24,1,0,52,1,SD,,0,1,0,998,998
62055,11479,24,2,1,50,2,SD,,0,0,0,998,998
62056,11479,24,3,2,20,1,SMP,,0,0,0,998,998
62057,11480,26,1,0,31,1,SD,,0,1,1,4,0
62058,11480,26,2,1,30,2,SD,,0,0,1,2,0
62059,11480,26,3,2,2,1,BELUM SEKOLAH,,0,0,1,7,0
62060,11481,15,1,0,32,1,SD,,0,1,1,10,10
62061,11481,15,2,1,31,2,SD,,0,0,0,998,998
62062,11481,15,3,2,10,1,SD,,1,0,0,998,998
62063,11482,25,1,0,60,2,SD,,0,1,0,998,998
62064,11483,13,1,0,90,2,998,,0,1,1,2,2
62065,11483,13,2,2,43,2,SD,,0,0,0,998,998
62066,11483,13,3,4,13,2,SMP,,1,0,0,998,998
62067,11484,16,1,0,20,1,SMA,,0,1,0,998,998
62068,11484,16,2,1,19,2,998,,0,0,0,998,998
62069,11485,23,1,0,48,1,SMP,,0,1,1,20,10
62070,11485,23,2,1,36,2,SD,,0,0,1,7,0
62071,11485,23,3,2,6,1,SD,,1,0,0,998,998
62072,11485,23,4,2,5,2,TK,,1,0,0,998,998
62073,11485,23,5,2,1,2,998,,0,0,1,4,4
62074,11486,22,1,0,31,1,SD,,0,1,0,998,998
62075,11486,22,2,1,25,2,SMP,,0,0,0,998,998
62076,11486,22,3,2,7,2,SD,,1,0,0,998,998
62077,11486,22,4,2,4,1,998,,0,0,0,998,998
62078,11487,21,1,0,65,2,SD,,0,1,0,998,998
62079,11488,19,1,0,42,1,SD,,0,1,1,4,0
62080,11489,14,1,0,40,1,998,,0,1,0,998,998
62081,11489,14,2,1,37,2,SD,,0,0,0,998,998
62082,11489,14,3,2,17,1,SMA,,1,0,1,1,1
62083,11489,14,4,2,11,1,SD,,1,0,0,998,998
62084,11490,20,1,0,40,1,SD,,0,1,0,998,998
62085,11491,27,1,0,43,1,SD,,0,1,0,998,998
62086,11491,27,2,1,32,2,TK,,0,0,0,998,998
62087,11491,27,3,2,20,2,SMA,,1,0,0,998,998
62088,11491,27,4,2,18,1,SMP,,1,0,0,998,998
62089,11491,27,5,2,15,2,SD,,1,0,0,998,998
62090,11491,27,6,2,10,1,TK,,1,0,0,998,998
62091,11492,17,1,0,26,1,S1,,0,1,0,998,998
62092,11492,17,2,1,20,2,SMA,,0,0,0,998,998
62093,11492,17,3,2,0,2,998,,0,0,0,998,998
62094,11493,238,1,0,61,1,998,,0,1,0,998,998
62095,11493,238,2,1,49,2,998,,0,0,0,998,998
62096,11493,238,3,2,34,1,SMP,,0,0,0,998,998
62097,11494,242,1,0,47,1,S1,,0,1,0,998,998
62098,11494,242,2,1,42,2,SMA,,0,0,0,998,998
62099,11494,242,3,13,0,2,998,,0,0,0,998,998
62100,11494,242,4,2,19,2,D1,,0,0,0,998,998
62101,11494,242,5,2,16,2,SMP,,1,0,0,998,998
62102,11494,242,6,2,11,2,TK,,1,0,0,998,998
62103,11494,242,7,2,6,2,TK,,1,0,0,998,998
62104,11495,253,1,0,69,1,S1,,0,1,0,998,998
62105,11495,253,2,1,53,2,SMP,,0,0,1,10,7
62106,11495,253,3,2,29,1,S1,,0,0,0,998,998
62107,11495,253,4,2,18,1,SMP,,1,0,0,998,998
62108,11496,240,1,0,32,1,SMP,,0,1,0,998,998
62109,11496,240,2,1,29,2,SD,,0,0,0,998,998
62110,11496,240,3,2,7,1,TK,,1,0,1,25,25
62111,11496,240,4,2,4,2,998,,1,0,0,998,998
62112,11496,240,5,2,6,1,998,,0,0,0,998,998
62113,11497,255,1,0,34,2,S1,,0,1,0,998,998
62114,11497,255,2,4,5,1,TK,,0,0,0,998,998
62115,11497,255,3,6,27,2,SMA,,0,0,0,998,998
62116,11498,257,1,0,37,1,SD,,0,1,0,998,998
62117,11498,257,2,1,35,2,998,,0,0,0,998,998
62118,11498,257,3,2,14,1,SD,,1,0,0,998,998
62119,11498,257,4,2,13,2,SD,,0,0,0,998,998
62120,11499,239,1,0,42,1,SD,,0,1,0,998,998
62121,11499,239,2,1,40,2,SMP,,0,0,0,998,998
62122,11499,239,3,13,0,2,998,,0,0,0,998,998
62123,11499,239,4,2,7,2,TK,,1,0,0,998,998
62124,11500,254,1,0,60,1,SD,,0,1,0,998,998
62125,11500,254,2,1,56,2,SMP,,0,0,1,2,0
62126,11500,254,3,2,19,1,SMA,,1,0,0,998,998
62127,11501,256,1,0,53,1,SMA,,0,1,0,998,998
62128,11501,256,2,1,43,2,SMP,,0,0,0,998,998
62129,11501,256,3,2,23,2,SMA,,1,0,0,998,998
62130,11501,256,4,2,21,2,SMA,,1,0,0,998,998
62131,11501,256,5,2,14,1,SD,,1,0,0,998,998
62132,11502,241,1,0,55,1,SMA,,0,1,0,998,998
62133,11502,241,2,1,44,2,SMP,,0,0,0,998,998
62134,11502,241,3,2,20,2,SMA,,1,0,0,998,998
62135,11503,112,1,0,75,2,998,,0,1,1,10,10
62136,11503,112,2,2,37,1,998,,0,0,0,998,998
62137,11504,129,1,0,25,1,998,,0,1,1,3,3
62138,11504,129,2,1,26,2,998,,0,0,0,998,998
62139,11504,129,3,2,10,1,TK,,1,0,0,998,998
62140,11504,129,4,2,8,1,998,,0,0,0,998,998
62141,11505,113,1,0,36,1,998,,0,1,0,998,998
62142,11505,113,2,1,25,2,998,,0,0,1,3,0
62143,11505,113,3,2,20,1,998,,0,0,1,7,7
62144,11505,113,4,2,16,1,SD,,0,0,0,998,998
62145,11505,113,5,2,12,2,SD,,1,0,1,7,7
62146,11505,113,6,2,6,1,998,,0,0,1,10,10
62147,11505,113,7,2,4,2,998,,0,0,0,998,998
62148,11506,136,1,0,30,1,998,,0,1,0,998,998
62149,11506,136,2,1,30,2,SD,,0,0,0,998,998
62150,11506,136,3,2,17,1,SMA,,1,0,0,998,998
62151,11506,136,4,2,15,2,SMP,,1,0,1,2,0
62152,11506,136,5,2,13,1,SD,,1,0,0,998,998
62153,11506,136,6,2,11,2,TK,,1,0,0,998,998
62154,11506,136,7,2,7,2,TK,,1,0,1,15,0
62155,11507,134,1,0,30,1,998,,0,1,1,15,0
62156,11507,134,2,1,29,2,998,,0,0,1,20,20
62157,11507,134,3,2,9,2,TK,,1,0,0,998,998
62158,11507,134,4,2,7,1,998,,0,0,0,998,998
62159,11507,134,5,2,3,2,998,,0,0,0,998,998
62160,11508,110,1,0,79,1,998,,0,1,1,3,0
62161,11509,128,1,0,25,1,SD,,0,1,1,1,1
62162,11509,128,2,2,8,1,TK,,1,0,998,998,998
62163,11510,114,1,0,30,1,998,,0,1,0,998,998
62164,11510,114,2,1,29,2,998,,0,0,0,998,998
62165,11510,114,3,13,0,1,998,,0,0,998,998,998
62166,11510,114,4,2,13,1,998,,0,0,0,998,998
62167,11510,114,5,2,9,1,998,,0,0,0,998,998
62168,11511,116,1,0,23,1,SD,,0,1,0,998,998
62169,11511,116,2,1,26,2,998,,0,0,0,998,998
62170,11511,116,3,11,13,1,SD,,1,0,1,4,2
62171,11511,116,4,2,9,2,998,,1,0,0,998,998
62172,11512,135,1,0,37,1,998,,0,1,0,998,998
62173,11512,135,2,1,30,2,998,,0,0,0,998,998
62174,11512,135,3,2,17,2,SMP,,1,0,0,998,998
62175,11512,135,4,2,14,2,SD,,1,0,0,998,998
62176,11512,135,5,2,7,1,TK,,0,0,1,5,5
62177,11513,133,1,0,35,1,SD,,0,1,1,4,0
62178,11513,133,2,1,18,2,SD,,0,0,0,998,998
62179,11513,133,3,2,8,1,998,,0,0,0,998,998
62180,11513,133,4,2,2,1,998,,0,0,0,998,998
62181,11514,109,1,0,65,2,998,,0,1,1,3,3
62182,11514,109,2,2,30,1,SD,,0,0,1,2,2
62183,11515,115,1,0,43,1,SMA,,0,1,0,998,998
62184,11515,115,2,1,42,2,SD,,0,0,0,998,998
62185,11515,115,3,2,11,1,998,,1,0,0,998,998
62186,11515,115,4,2,9,1,998,,1,0,0,998,998
62187,11516,137,1,0,52,1,SMA,,0,1,1,3,3
62188,11516,137,2,1,42,2,SD,,0,0,1,6,6
62189,11516,137,3,2,29,1,S1,,0,0,0,998,998
62190,11516,137,4,2,11,2,SD,,1,0,0,998,998
62191,11517,117,1,0,33,1,998,,0,1,1,2,2
62192,11517,117,2,1,30,2,998,,0,0,1,1,1
62193,11517,117,3,2,15,1,SD,,1,0,1,2,0
62194,11518,130,1,0,38,1,998,,0,1,0,998,998
62195,11518,130,2,1,38,2,998,,0,0,0,998,998
62196,11518,130,3,2,16,1,SD,,1,0,0,998,998
62197,11518,130,4,2,14,1,TK,,0,0,0,998,998
62198,11518,130,5,2,4,1,998,,0,0,1,4,0
62199,11519,131,1,0,31,1,998,,0,1,0,998,998
62200,11519,131,2,1,29,2,TK,,0,0,0,998,998
62201,11519,131,3,13,0,1,TIDAK ADA,,0,0,998,998,998
62202,11519,131,4,2,8,1,TK,,0,0,0,998,998
62203,11519,131,5,2,6,2,998,,0,0,0,998,998
62204,11519,131,6,2,3,1,998,,0,0,0,998,998
62205,11520,111,1,0,45,1,998,,0,1,1,3,3
62206,11520,111,2,1,37,2,998,,0,0,1,3,3
62207,11520,111,3,2,19,2,SD,,0,0,0,998,998
62208,11520,111,4,2,17,2,SD,,1,0,1,6,0
62209,11520,111,5,2,13,2,TK,,1,0,0,998,998
62210,11521,132,1,0,35,1,S2,,0,1,0,998,998
62211,11521,132,2,1,34,2,S2,,0,0,1,7,0
62212,11522,324,1,0,73,1,SD,,0,1,0,998,998
62213,11522,324,2,1,65,2,998,,0,0,0,998,998
62214,11522,324,3,2,35,1,998,,0,0,0,998,998
62215,11523,329,1,0,37,1,SMP,,0,1,0,998,998
62216,11523,329,2,1,34,2,SMP,,0,0,0,998,998
62217,11523,329,3,2,15,2,SD,,0,0,0,998,998
62218,11523,329,4,2,12,1,SD,,0,0,0,998,998
62219,11524,325,1,0,43,1,SD,,0,1,0,998,998
62220,11524,325,2,2,40,2,SD,,0,0,0,998,998
62221,11524,325,3,2,19,1,SD,,0,0,0,998,998
62222,11524,325,4,2,17,2,SMP,,1,0,0,998,998
62223,11524,325,5,2,13,2,SD,,1,0,0,998,998
62224,11525,331,1,0,43,1,SD,,0,1,0,998,998
62225,11525,331,2,1,42,2,SD,,0,0,1,7,7
62226,11525,331,3,10,13,1,SD,,1,0,0,998,998
62227,11525,331,4,13,0,1,998,,0,0,0,998,998
62228,11525,331,5,2,17,2,SMP,,1,0,0,998,998
62229,11525,331,6,2,13,2,SD,,1,0,0,998,998
62230,11525,331,7,2,10,2,SD,,1,0,0,998,998
62231,11525,331,8,2,8,1,TK,,1,0,0,998,998
62232,11526,328,1,0,50,1,SD,,0,1,0,998,998
62233,11526,328,2,1,58,2,SD,,0,0,0,998,998
62234,11526,328,3,5,69,2,998,,0,0,0,998,998
62235,11527,332,1,0,65,1,SD,,0,1,1,7,7
62236,11527,332,2,4,10,1,TK,,1,0,0,998,998
62237,11528,330,1,0,46,1,SMP,,0,1,0,998,998
62238,11528,330,2,1,44,2,SD,,0,0,0,998,998
62239,11528,330,3,2,25,2,SMP,,0,0,0,998,998
62240,11528,330,4,2,22,1,SMA,,0,0,0,998,998
62241,11528,330,5,2,13,2,SD,,1,0,0,998,998
62242,11529,322,1,0,80,2,SD,,0,1,0,998,998
62243,11530,320,1,0,51,2,SMA,,0,1,0,998,998
62244,11530,320,2,2,18,2,SMA,,1,0,0,998,998
62245,11530,320,3,2,15,2,SMP,,1,0,0,998,998
62246,11531,326,1,0,60,1,SMA,,0,1,0,998,998
62247,11531,326,2,1,50,2,SMP,,0,0,1,5,0
62248,11531,326,3,2,30,1,S1,,0,0,0,998,998
62249,11531,326,4,2,25,2,D3,,0,0,0,998,998
62250,11532,323,1,0,73,2,998,,0,1,1,25,25
62251,11532,323,2,11,25,1,SMA,,1,0,0,998,998
62252,11533,321,1,0,52,1,SMP,,0,1,0,998,998
62253,11533,321,2,1,41,2,SMP,,0,0,0,998,998
62254,11533,321,3,2,21,2,SMA,,1,0,0,998,998
62255,11533,321,4,2,18,1,SMA,,1,0,0,998,998
62256,11533,321,5,2,16,2,SMP,,1,0,0,998,998
62257,11533,321,6,2,13,2,TK,,1,0,0,998,998
62258,11533,321,7,2,12,1,TK,,1,0,0,998,998
62259,11533,321,8,2,4,2,998,,0,0,0,998,998
62260,11534,318,1,0,52,1,SMP,,0,1,0,998,998
62261,11534,318,2,1,34,2,SD,,0,0,0,998,998
62262,11534,318,3,2,19,1,SMA,,1,0,0,998,998
62263,11534,318,4,2,15,2,SMP,,1,0,0,998,998
62264,11534,318,5,2,7,1,TK,,1,0,0,998,998
62265,11535,319,1,0,43,1,SMP,,0,1,0,998,998
62266,11535,319,2,1,39,2,SMP,,0,0,0,998,998
62267,11535,319,3,2,13,1,SD,,1,0,0,998,998
62268,11535,319,4,2,11,1,TK,,1,0,0,998,998
62269,11535,319,5,2,9,2,TK,,1,0,0,998,998
62270,11536,327,1,0,36,2,SMP,,0,1,0,998,998
62271,11536,327,2,4,14,1,SD,,1,0,0,998,998
62272,11536,327,3,4,10,1,TK,,1,0,0,998,998
62273,11536,327,4,4,9,1,TK,,1,0,0,998,998
62274,11536,327,5,5,60,2,998,,0,0,0,998,998
